"items","support","count"
"{付費=否}",0.57692,28846
"{依賴_低}",0.5331,26655
"{政策=Allowed_With_Citation}",0.50448,25224
"{付費=是}",0.42308,21154
"{倦怠=Medium}",0.42288,21144
"{焦慮_低}",0.38426,19213
"{技能=Beginner}",0.3699,18495
"{技能=Intermediate}",0.35392,17696
"{焦慮_中}",0.33942,16971
"{AI時數_低}",0.33388,16694
"{自學_低}",0.33382,16691
"{GPA_下降}",0.33378,16689
"{AI時數_高}",0.33328,16664
"{GPA_持平}",0.33322,16661
"{自學_中}",0.33312,16656
"{自學_高}",0.33306,16653
"{GPA_上升}",0.333,16650
"{AI時數_中}",0.33284,16642
"{付費=否,依賴_低}",0.33072,16536
"{倦怠=Low}",0.32738,16369
"{主修=STEM}",0.30118,15059
"{政策=Actively_Encouraged}",0.29976,14988
"{付費=否,政策=Allowed_With_Citation}",0.29042,14521
"{焦慮_高}",0.27632,13816
"{技能=Advanced}",0.27618,13809
"{依賴_低,政策=Allowed_With_Citation}",0.26856,13428
"{依賴_高}",0.26822,13411
"{AI時數_低,依賴_低}",0.25188,12594
"{主修=Business}",0.25076,12538
"{付費=否,倦怠=Medium}",0.24982,12491
"{倦怠=High}",0.24974,12487
"{依賴_低,焦慮_低}",0.24954,12477
"{用途=Debugging/Troubleshooting}",0.2459,12295
"{用途=Copywriting/Drafting}",0.24022,12011
"{付費=否,焦慮_低}",0.2322,11610
"{依賴_低,倦怠=Medium}",0.2319,11595
"{依賴_低,倦怠=Low}",0.22446,11223
"{年級=Junior}",0.2209,11045
"{年級=Freshman}",0.22062,11031
"{倦怠=Medium,政策=Allowed_With_Citation}",0.21786,10893
"{付費=否,技能=Beginner}",0.21666,10833
"{AI時數_低,付費=否}",0.21612,10806
"{AI時數_中,付費=否}",0.21566,10783
"{用途=Ideation}",0.21442,10721
"{付費=是,政策=Allowed_With_Citation}",0.21406,10703
"{年級=Senior}",0.21268,10634
"{付費=否,倦怠=Low}",0.20532,10266
"{付費=否,技能=Intermediate}",0.20374,10187
"{付費=是,依賴_低}",0.20238,10119
"{政策=Allowed_With_Citation,焦慮_低}",0.20194,10097
"{AI時數_中,依賴_低}",0.2002,10010
"{主修=Humanities}",0.19988,9994
"{依賴_中}",0.19868,9934
"{付費=否,自學_高}",0.19806,9903
"{依賴_低,技能=Beginner}",0.1978,9890
"{年級=Sophomore}",0.1972,9860
"{付費=否,焦慮_中}",0.19634,9817
"{政策=Strict_Ban}",0.19576,9788
"{GPA_下降,付費=否}",0.19562,9781
"{GPA_持平,付費=否}",0.19538,9769
"{付費=否,自學_中}",0.19194,9597
"{依賴_低,自學_高}",0.18898,9449
"{依賴_低,技能=Intermediate}",0.18898,9449
"{AI時數_高,付費=是}",0.18814,9407
"{付費=否,自學_低}",0.18692,9346
"{技能=Beginner,政策=Allowed_With_Citation}",0.1863,9315
"{AI時數_高,依賴_高}",0.18626,9313
"{GPA_上升,付費=否}",0.18592,9296
"{GPA_持平,依賴_低}",0.18116,9058
"{依賴_低,自學_中}",0.17936,8968
"{依賴_低,焦慮_中}",0.17882,8941
"{技能=Intermediate,政策=Allowed_With_Citation}",0.17882,8941
"{政策=Allowed_With_Citation,焦慮_中}",0.17628,8814
"{GPA_上升,依賴_低}",0.17604,8802
"{GPA_下降,依賴_低}",0.1759,8795
"{付費=是,倦怠=Medium}",0.17306,8653
"{付費=否,政策=Actively_Encouraged}",0.17274,8637
"{用途=Summarizing_Reading}",0.17266,8633
"{GPA_上升,政策=Allowed_With_Citation}",0.1725,8625
"{AI時數_低,政策=Allowed_With_Citation}",0.17002,8501
"{GPA_持平,政策=Allowed_With_Citation}",0.16966,8483
"{政策=Allowed_With_Citation,自學_低}",0.16902,8451
"{AI時數_高,政策=Allowed_With_Citation}",0.16852,8426
"{政策=Allowed_With_Citation,自學_中}",0.16834,8417
"{GPA_下降,自學_低}",0.1672,8360
"{政策=Allowed_With_Citation,自學_高}",0.16712,8356
"{倦怠=Medium,焦慮_低}",0.167,8350
"{付費=否,依賴_低,政策=Allowed_With_Citation}",0.16656,8328
"{倦怠=Low,政策=Allowed_With_Citation}",0.1664,8320
"{AI時數_中,政策=Allowed_With_Citation}",0.16594,8297
"{依賴_低,自學_低}",0.16476,8238
"{AI時數_低,付費=否,依賴_低}",0.1636,8180
"{主修=STEM,付費=否}",0.1635,8175
"{GPA_上升,自學_高}",0.16318,8159
"{AI時數_高,倦怠=High}",0.16276,8138
"{AI時數_低,倦怠=Low}",0.16272,8136
"{GPA_下降,政策=Allowed_With_Citation}",0.16232,8116
"{依賴_低,政策=Actively_Encouraged}",0.15846,7923
"{付費=否,依賴_低,焦慮_低}",0.1566,7830
"{付費=否,技能=Advanced}",0.15652,7826
"{倦怠=Medium,技能=Beginner}",0.15646,7823
"{AI時數_中,倦怠=Medium}",0.15644,7822
"{主修=STEM,用途=Debugging/Troubleshooting}",0.15586,7793
"{付費=是,技能=Beginner}",0.15324,7662
"{AI時數_低,焦慮_低}",0.153,7650
"{主修=STEM,政策=Allowed_With_Citation}",0.15224,7612
"{付費=是,焦慮_低}",0.15206,7603
"{付費=是,技能=Intermediate}",0.15018,7509
"{倦怠=Medium,技能=Intermediate}",0.1492,7460
"{年級=Graduate}",0.1486,7430
"{付費=否,焦慮_高}",0.14838,7419
"{GPA_上升,付費=是}",0.14708,7354
"{付費=是,自學_低}",0.1469,7345
"{依賴_低,技能=Advanced}",0.14632,7316
"{主修=Business,付費=否}",0.14608,7304
"{倦怠=Medium,焦慮_中}",0.14564,7282
"{AI時數_高,付費=否}",0.14514,7257
"{GPA_上升,倦怠=Medium}",0.14464,7232
"{主修=STEM,依賴_低}",0.1438,7190
"{付費=否,依賴_低,倦怠=Medium}",0.14348,7174
"{倦怠=Medium,自學_高}",0.14314,7157
"{倦怠=Low,焦慮_低}",0.14312,7156
"{付費=是,焦慮_中}",0.14308,7154
"{付費=否,依賴_低,倦怠=Low}",0.143,7150
"{倦怠=Medium,自學_中}",0.1419,7095
"{技能=Beginner,焦慮_低}",0.14182,7091
"{付費=否,用途=Copywriting/Drafting}",0.14176,7088
"{付費=是,自學_中}",0.14118,7059
"{GPA_持平,倦怠=Medium}",0.14058,7029
"{付費=是,依賴_高}",0.13994,6997
"{AI時數_低,倦怠=Medium}",0.13964,6982
"{技能=Advanced,政策=Allowed_With_Citation}",0.13936,6968
"{AI時數_中,焦慮_低}",0.13904,6952
"{GPA_下降,付費=是}",0.13816,6908
"{付費=否,用途=Debugging/Troubleshooting}",0.13798,6899
"{GPA_持平,付費=是}",0.13784,6892
"{倦怠=Medium,自學_低}",0.13784,6892
"{主修=STEM,付費=是}",0.13768,6884
"{GPA_下降,倦怠=Medium}",0.13766,6883
"{依賴_高,政策=Allowed_With_Citation}",0.13642,6821
"{主修=Business,依賴_低}",0.13542,6771
"{技能=Intermediate,焦慮_低}",0.1352,6760
"{付費=是,自學_高}",0.135,6750
"{AI時數_高,自學_低}",0.134,6700
"{焦慮_低,自學_高}",0.1338,6690
"{GPA_下降,技能=Beginner}",0.13376,6688
"{依賴_低,用途=Copywriting/Drafting}",0.13324,6662
"{AI時數_高,焦慮_高}",0.1327,6635
"{GPA_上升,焦慮_低}",0.13,6500
"{主修=Medical}",0.12952,6476
"{GPA_持平,焦慮_低}",0.12866,6433
"{付費=否,年級=Junior}",0.12856,6428
"{AI時數_中,付費=否,依賴_低}",0.12852,6426
"{付費=否,倦怠=Medium,政策=Allowed_With_Citation}",0.12846,6423
"{付費=否,依賴_高}",0.12828,6414
"{AI時數_低,依賴_低,政策=Allowed_With_Citation}",0.12824,6412
"{付費=是,倦怠=High}",0.12796,6398
"{付費=是,焦慮_高}",0.12794,6397
"{AI時數_低,依賴_低,倦怠=Low}",0.12786,6393
"{依賴_低,政策=Allowed_With_Citation,焦慮_低}",0.1278,6390
"{AI時數_低,自學_高}",0.1276,6380
"{GPA_持平,技能=Beginner}",0.1276,6380
"{主修=Business,政策=Allowed_With_Citation}",0.12724,6362
"{AI時數_高,主修=STEM}",0.12722,6361
"{付費=是,政策=Actively_Encouraged}",0.12702,6351
"{GPA_下降,技能=Intermediate}",0.127,6350
"{焦慮_低,自學_中}",0.12694,6347
"{倦怠=Medium,政策=Actively_Encouraged}",0.12692,6346
"{倦怠=Low,自學_高}",0.12684,6342
"{用途=Direct_Answer_Generation}",0.1268,6340
"{AI時數_高,倦怠=Medium}",0.1268,6340
"{技能=Beginner,焦慮_中}",0.12648,6324
"{政策=Allowed_With_Citation,焦慮_高}",0.12626,6313
"{付費=否,年級=Freshman}",0.12602,6301
"{GPA_下降,焦慮_低}",0.1256,6280
"{AI時數_低,技能=Beginner}",0.12542,6271
"{依賴_高,倦怠=High}",0.12506,6253
"{政策=Allowed_With_Citation,用途=Debugging/Troubleshooting}",0.1248,6240
"{付費=否,依賴_低,技能=Beginner}",0.12472,6236
"{主修=STEM,倦怠=Medium}",0.12458,6229
"{技能=Beginner,自學_中}",0.12396,6198
"{依賴_低,用途=Debugging/Troubleshooting}",0.12394,6197
"{付費=否,用途=Ideation}",0.12392,6196
"{AI時數_中,技能=Beginner}",0.1239,6195
"{AI時數_低,依賴_低,焦慮_低}",0.1239,6195
"{付費=否,年級=Senior}",0.12388,6194
"{技能=Beginner,自學_低}",0.12374,6187
"{焦慮_低,自學_低}",0.12352,6176
"{倦怠=Low,技能=Beginner}",0.1223,6115
"{技能=Beginner,自學_高}",0.1222,6110
"{政策=Allowed_With_Citation,用途=Copywriting/Drafting}",0.1221,6105
"{付費=是,倦怠=Low}",0.12206,6103
"{付費=否,倦怠=High}",0.12178,6089
"{GPA_持平,技能=Intermediate}",0.1211,6055
"{AI時數_中,倦怠=Low}",0.12094,6047
"{技能=Intermediate,焦慮_中}",0.12076,6038
"{AI時數_高,技能=Beginner}",0.12058,6029
"{倦怠=High,政策=Allowed_With_Citation}",0.12022,6011
"{AI時數_低,GPA_下降}",0.1202,6010
"{主修=Humanities,付費=否}",0.12014,6007
"{主修=Business,用途=Ideation}",0.12006,6003
"{付費=是,技能=Advanced}",0.11966,5983
"{付費=否,政策=Allowed_With_Citation,焦慮_低}",0.11962,5981
"{AI時數_低,技能=Intermediate}",0.1196,5980
"{政策=Actively_Encouraged,焦慮_低}",0.11958,5979
"{GPA_持平,自學_中}",0.11942,5971
"{依賴_低,倦怠=Medium,政策=Allowed_With_Citation}",0.11908,5954
"{技能=Intermediate,自學_高}",0.119,5950
"{主修=Arts}",0.11866,5933
"{GPA_上升,技能=Advanced}",0.11864,5932
"{依賴_低,年級=Freshman}",0.11842,5921
"{付費=否,依賴_低,自學_高}",0.11818,5909
"{技能=Intermediate,自學_低}",0.118,5900
"{付費=否,依賴_中}",0.11792,5896
"{AI時數_低,付費=是}",0.11776,5888
"{依賴_低,年級=Junior}",0.11766,5883
"{AI時數_中,GPA_上升}",0.11758,5879
"{AI時數_中,技能=Intermediate}",0.11728,5864
"{倦怠=Medium,技能=Advanced}",0.11722,5861
"{AI時數_中,付費=是}",0.11718,5859
"{AI時數_中,焦慮_中}",0.11716,5858
"{付費=否,依賴_低,技能=Intermediate}",0.11706,5853
"{AI時數_高,技能=Intermediate}",0.11704,5852
"{技能=Intermediate,自學_中}",0.11692,5846
"{主修=Humanities,依賴_低}",0.11674,5837
"{AI時數_中,自學_高}",0.11666,5833
"{倦怠=Low,技能=Intermediate}",0.11658,5829
"{AI時數_高,GPA_上升}",0.11578,5789
"{依賴_低,用途=Ideation}",0.11526,5763
"{GPA_上升,焦慮_中}",0.1147,5735
"{依賴_低,年級=Senior}",0.1144,5720
"{AI時數_低,GPA_持平}",0.11404,5702
"{AI時數_低,焦慮_中}",0.1139,5695
"{焦慮_中,自學_中}",0.11382,5691
"{GPA_持平,焦慮_中}",0.11378,5689
"{付費=否,政策=Strict_Ban}",0.11376,5688
"{付費=否,年級=Sophomore}",0.11372,5686
"{焦慮_中,自學_高}",0.11342,5671
"{AI時數_中,GPA_持平}",0.11314,5657
"{GPA_下降,付費=否,依賴_低}",0.11308,5654
"{GPA_持平,倦怠=Low}",0.1127,5635
"{AI時數_中,自學_中}",0.11252,5626
"{依賴_低,倦怠=Low,政策=Allowed_With_Citation}",0.1125,5625
"{依賴_高,焦慮_高}",0.11248,5624
"{倦怠=Low,焦慮_中}",0.11228,5614
"{GPA_持平,付費=否,依賴_低}",0.11228,5614
"{焦慮_中,自學_低}",0.11218,5609
"{年級=Freshman,政策=Allowed_With_Citation}",0.11216,5608
"{年級=Junior,政策=Allowed_With_Citation}",0.11182,5591
"{GPA_上升,主修=STEM}",0.11166,5583
"{AI時數_高,GPA_下降}",0.11146,5573
"{技能=Beginner,政策=Actively_Encouraged}",0.11124,5562
"{GPA_下降,倦怠=Low}",0.1111,5555
"{GPA_下降,焦慮_中}",0.11094,5547
"{AI時數_高,付費=是,依賴_高}",0.11086,5543
"{AI時數_低,付費=否,政策=Allowed_With_Citation}",0.11082,5541
"{AI時數_高,自學_中}",0.11048,5524
"{付費=否,依賴_低,焦慮_中}",0.11028,5514
"{倦怠=Medium,焦慮_高}",0.11024,5512
"{付費=否,依賴_低,自學_中}",0.11022,5511
"{AI時數_低,自學_中}",0.11012,5506
"{AI時數_高,依賴_高,倦怠=High}",0.10982,5491
"{主修=STEM,焦慮_低}",0.10972,5486
"{依賴_低,倦怠=Medium,焦慮_低}",0.10944,5472
"{GPA_持平,自學_高}",0.10918,5459
"{付費=否,技能=Beginner,政策=Allowed_With_Citation}",0.10888,5444
"{GPA_上升,技能=Beginner}",0.10854,5427
"{主修=STEM,技能=Intermediate}",0.10846,5423
"{倦怠=Low,自學_中}",0.10838,5419
"{AI時數_高,焦慮_中}",0.10836,5418
"{政策=Allowed_With_Citation,用途=Ideation}",0.108,5400
"{付費=是,用途=Debugging/Troubleshooting}",0.10792,5396
"{GPA_上升,自學_中}",0.10782,5391
"{依賴_低,倦怠=Low,焦慮_低}",0.1074,5370
"{技能=Advanced,焦慮_低}",0.10724,5362
"{GPA_下降,年級=Freshman}",0.10672,5336
"{AI時數_中,付費=否,政策=Allowed_With_Citation}",0.1065,5325
"{AI時數_低,付費=否,倦怠=Low}",0.1064,5320
"{技能=Intermediate,政策=Actively_Encouraged}",0.10624,5312
"{依賴_低,政策=Strict_Ban}",0.10608,5304
"{AI時數_高,GPA_持平}",0.10604,5302
"{主修=Business,倦怠=Medium}",0.10588,5294
"{GPA_下降,自學_中}",0.10588,5294
"{GPA_上升,技能=Intermediate}",0.10582,5291
"{主修=STEM,自學_低}",0.10576,5288
"{GPA_上升,付費=否,依賴_低}",0.10536,5268
"{政策=Actively_Encouraged,焦慮_中}",0.1051,5255
"{依賴_低,焦慮_高}",0.10474,5237
"{主修=Business,付費=是}",0.10468,5234
"{年級=Senior,政策=Allowed_With_Citation}",0.10462,5231
"{GPA_持平,自學_低}",0.10462,5231
"{依賴_高,自學_低}",0.1043,5215
"{GPA_上升,用途=Debugging/Troubleshooting}",0.10418,5209
"{倦怠=High,自學_低}",0.10382,5191
"{付費=否,倦怠=Low,政策=Allowed_With_Citation}",0.10378,5189
"{主修=Humanities,用途=Copywriting/Drafting}",0.10376,5188
"{AI時數_中,自學_低}",0.10366,5183
"{GPA_上升,倦怠=Low}",0.10358,5179
"{倦怠=Medium,用途=Copywriting/Drafting}",0.10348,5174
"{付費=否,技能=Intermediate,政策=Allowed_With_Citation}",0.10318,5159
"{AI時數_低,依賴_低,倦怠=Medium}",0.1029,5145
"{依賴_低,年級=Sophomore}",0.10276,5138
"{倦怠=Medium,用途=Debugging/Troubleshooting}",0.10238,5119
"{付費=否,依賴_低,自學_低}",0.10232,5116
"{AI時數_中,GPA_下降}",0.10212,5106
"{付費=否,倦怠=Medium,焦慮_低}",0.10204,5102
"{付費=是,依賴_低,政策=Allowed_With_Citation}",0.102,5100
"{AI時數_中,付費=否,倦怠=Medium}",0.10198,5099
"{主修=Business,技能=Beginner}",0.1018,5090
"{技能=Beginner,焦慮_高}",0.1016,5080
"{倦怠=Low,政策=Actively_Encouraged}",0.10158,5079
"{主修=STEM,技能=Advanced}",0.10146,5073
"{主修=Humanities,政策=Allowed_With_Citation}",0.1013,5065
"{年級=Sophomore,政策=Allowed_With_Citation}",0.10082,5041
"{GPA_持平,政策=Actively_Encouraged}",0.10076,5038
"{GPA_上升,政策=Actively_Encouraged}",0.10068,5034
"{AI時數_高,政策=Actively_Encouraged}",0.10068,5034
"{依賴_高,倦怠=Medium}",0.10062,5031
"{付費=否,政策=Allowed_With_Citation,焦慮_中}",0.10026,5013
"{AI時數_低,政策=Actively_Encouraged}",0.10006,5003
"{政策=Actively_Encouraged,自學_高}",0.10004,5002
"{政策=Actively_Encouraged,自學_中}",0.09996,4998
"{付費=否,用途=Summarizing_Reading}",0.09978,4989
"{政策=Actively_Encouraged,自學_低}",0.09976,4988
"{AI時數_低,GPA_上升}",0.09964,4982
"{付費=否,政策=Allowed_With_Citation,自學_高}",0.09962,4981
"{AI時數_低,付費=否,焦慮_低}",0.09962,4981
"{主修=STEM,焦慮_中}",0.09956,4978
"{AI時數_中,依賴_低,政策=Allowed_With_Citation}",0.09956,4978
"{依賴_中,政策=Allowed_With_Citation}",0.0995,4975
"{依賴_低,技能=Beginner,政策=Allowed_With_Citation}",0.0993,4965
"{AI時數_中,政策=Actively_Encouraged}",0.09902,4951
"{GPA_持平,付費=否,政策=Allowed_With_Citation}",0.09896,4948
"{主修=STEM,自學_中}",0.09862,4931
"{付費=是,用途=Copywriting/Drafting}",0.09846,4923
"{GPA_下降,政策=Actively_Encouraged}",0.09832,4916
"{焦慮_高,自學_低}",0.09812,4906
"{技能=Intermediate,焦慮_高}",0.09796,4898
"{依賴_高,技能=Beginner}",0.09766,4883
"{主修=STEM,依賴_高}",0.09738,4869
"{付費=否,依賴_低,政策=Actively_Encouraged}",0.09736,4868
"{GPA_下降,焦慮_高}",0.09724,4862
"{主修=Business,焦慮_低}",0.09704,4852
"{主修=STEM,自學_高}",0.0968,4840
"{付費=否,政策=Allowed_With_Citation,自學_中}",0.09658,4829
"{AI時數_高,付費=是,倦怠=High}",0.09648,4824
"{GPA_下降,付費=否,自學_低}",0.09648,4824
"{GPA_下降,付費=否,政策=Allowed_With_Citation}",0.09622,4811
"{AI時數_低,自學_低}",0.09616,4808
"{AI時數_低,依賴_低,自學_高}",0.09616,4808
"{依賴_低,技能=Intermediate,政策=Allowed_With_Citation}",0.09612,4806
"{AI時數_高,技能=Advanced}",0.09566,4783
"{依賴_高,技能=Intermediate}",0.09554,4777
"{依賴_低,政策=Allowed_With_Citation,自學_高}",0.09548,4774
"{AI時數_高,付費=是,政策=Allowed_With_Citation}",0.09542,4771
"{倦怠=Medium,年級=Junior}",0.0954,4770
"{GPA_上升,付費=否,政策=Allowed_With_Citation}",0.09524,4762
"{GPA_下降,主修=STEM}",0.09484,4742
"{GPA_持平,主修=STEM}",0.09468,4734
"{付費=是,年級=Freshman}",0.0946,4730
"{AI時數_高,依賴_高,政策=Allowed_With_Citation}",0.0946,4730
"{GPA_上升,付費=否,自學_高}",0.0946,4730
"{AI時數_低,依賴_低,技能=Beginner}",0.09444,4722
"{付費=否,政策=Allowed_With_Citation,自學_低}",0.09422,4711
"{焦慮_低,用途=Copywriting/Drafting}",0.09418,4709
"{倦怠=High,焦慮_高}",0.0941,4705
"{付費=否,倦怠=Medium,技能=Beginner}",0.09382,4691
"{AI時數_中,依賴_低,焦慮_低}",0.09358,4679
"{GPA_持平,依賴_低,政策=Allowed_With_Citation}",0.09324,4662
"{技能=Beginner,用途=Copywriting/Drafting}",0.09316,4658
"{AI時數_中,主修=STEM}",0.09308,4654
"{付費=是,依賴_低,焦慮_低}",0.09294,4647
"{依賴_低,技能=Beginner,焦慮_低}",0.09286,4643
"{倦怠=Medium,年級=Senior}",0.09268,4634
"{焦慮_低,用途=Debugging/Troubleshooting}",0.0926,4630
"{GPA_下降,依賴_高}",0.09254,4627
"{依賴_低,用途=Summarizing_Reading}",0.0925,4625
"{AI時數_高,用途=Debugging/Troubleshooting}",0.09244,4622
"{焦慮_高,自學_中}",0.09236,4618
"{付費=是,年級=Junior}",0.09234,4617
"{技能=Advanced,自學_中}",0.09224,4612
"{AI時數_高,焦慮_低}",0.09222,4611
"{倦怠=Low,年級=Freshman}",0.0922,4610
"{技能=Advanced,焦慮_中}",0.09218,4609
"{倦怠=Low,自學_低}",0.09216,4608
"{技能=Advanced,自學_低}",0.09208,4604
"{主修=STEM,焦慮_高}",0.0919,4595
"{技能=Advanced,自學_高}",0.09186,4593
"{AI時數_中,技能=Advanced}",0.09166,4583
"{AI時數_中,依賴_低,倦怠=Medium}",0.0916,4580
"{倦怠=Medium,用途=Ideation}",0.09136,4568
"{主修=STEM,技能=Beginner}",0.09126,4563
"{AI時數_低,依賴_低,技能=Intermediate}",0.09122,4561
"{倦怠=High,技能=Beginner}",0.09114,4557
"{依賴_高,焦慮_中}",0.0909,4545
"{GPA_持平,焦慮_高}",0.09078,4539
"{GPA_上升,依賴_低,自學_高}",0.09076,4538
"{付費=是,用途=Ideation}",0.0905,4525
"{付費=否,倦怠=Low,焦慮_低}",0.09038,4519
"{依賴_中,倦怠=Medium}",0.09036,4518
"{主修=STEM,倦怠=High}",0.09034,4517
"{AI時數_中,付費=否,焦慮_低}",0.0903,4515
"{依賴_低,焦慮_低,自學_高}",0.09008,4504
"{AI時數_低,GPA_下降,依賴_低}",0.08998,4499
"{依賴_低,政策=Allowed_With_Citation,焦慮_中}",0.08998,4499
"{AI時數_低,付費=否,倦怠=Medium}",0.08994,4497
"{依賴_低,政策=Allowed_With_Citation,自學_中}",0.0898,4490
"{付費=是,倦怠=Medium,政策=Allowed_With_Citation}",0.0894,4470
"{GPA_上升,依賴_高}",0.0891,4455
"{付費=否,依賴_低,技能=Advanced}",0.08894,4447
"{AI時數_低,技能=Advanced}",0.08886,4443
"{GPA_上升,依賴_低,政策=Allowed_With_Citation}",0.08884,4442
"{付費=是,年級=Senior}",0.0888,4440
"{AI時數_高,自學_高}",0.0888,4440
"{倦怠=Medium,年級=Freshman}",0.08876,4438
"{倦怠=Low,技能=Advanced}",0.0885,4425
"{倦怠=Medium,政策=Allowed_With_Citation,焦慮_低}",0.08846,4423
"{付費=是,依賴_低,倦怠=Medium}",0.08842,4421
"{GPA_上升,焦慮_高}",0.0883,4415
"{AI時數_低,付費=是,依賴_低}",0.08828,4414
"{GPA_下降,主修=Business}",0.08826,4413
"{倦怠=High,技能=Intermediate}",0.08814,4407
"{主修=STEM,政策=Actively_Encouraged}",0.08808,4404
"{依賴_高,自學_中}",0.088,4400
"{GPA_上升,年級=Senior}",0.08782,4391
"{技能=Intermediate,用途=Debugging/Troubleshooting}",0.08782,4391
"{依賴_低,技能=Intermediate,焦慮_低}",0.08744,4372
"{付費=否,倦怠=Medium,技能=Intermediate}",0.08734,4367
"{主修=Business,技能=Intermediate}",0.08694,4347
"{依賴_低,倦怠=Low,自學_高}",0.08688,4344
"{AI時數_高,依賴_高,焦慮_高}",0.08684,4342
"{付費=否,倦怠=Medium,自學_高}",0.08672,4336
"{GPA_持平,依賴_高}",0.08658,4329
"{GPA_下降,依賴_低,政策=Allowed_With_Citation}",0.08648,4324
"{付費=否,技能=Beginner,焦慮_低}",0.08646,4323
"{主修=Humanities,倦怠=Medium}",0.0863,4315
"{主修=STEM,倦怠=Low}",0.08626,4313
"{AI時數_低,GPA_持平,依賴_低}",0.0861,4305
"{主修=STEM,付費=否,依賴_低}",0.08608,4304
"{AI時數_低,用途=Copywriting/Drafting}",0.086,4300
"{焦慮_高,自學_高}",0.08584,4292
"{依賴_低,倦怠=Medium,技能=Beginner}",0.08578,4289
"{付費=否,倦怠=Medium,焦慮_中}",0.08568,4284
"{年級=Junior,焦慮_低}",0.08552,4276
"{政策=Allowed_With_Citation,用途=Summarizing_Reading}",0.08546,4273
"{GPA_持平,用途=Copywriting/Drafting}",0.08522,4261
"{GPA_下降,倦怠=High}",0.08502,4251
"{GPA_持平,付費=否,倦怠=Medium}",0.08492,4246
"{GPA_上升,倦怠=High}",0.08478,4239
"{主修=Business,焦慮_中}",0.08476,4238
"{付費=否,年級=Graduate}",0.08474,4237
"{年級=Freshman,焦慮_低}",0.08452,4226
"{GPA_持平,技能=Advanced}",0.08452,4226
"{主修=STEM,付費=否,用途=Debugging/Troubleshooting}",0.08446,4223
"{AI時數_中,主修=Business}",0.08438,4219
"{技能=Intermediate,用途=Copywriting/Drafting}",0.08428,4214
"{GPA_下降,依賴_低,自學_低}",0.08406,4203
"{AI時數_低,付費=否,依賴_低,政策=Allowed_With_Citation}",0.08404,4202
"{付費=否,依賴_低,用途=Copywriting/Drafting}",0.08398,4199
"{GPA_持平,依賴_低,焦慮_低}",0.08398,4199
"{AI時數_低,付費=否,依賴_低,倦怠=Low}",0.08396,4198
"{主修=Business,付費=否,依賴_低}",0.08392,4196
"{主修=Business,自學_中}",0.0839,4195
"{AI時數_低,依賴_低,焦慮_中}",0.0839,4195
"{主修=Business,倦怠=Low}",0.08386,4193
"{用途=Debugging/Troubleshooting,自學_低}",0.08384,4192
"{GPA_持平,主修=Business}",0.08378,4189
"{AI時數_低,主修=Business}",0.0836,4180
"{依賴_低,倦怠=Low,技能=Beginner}",0.08358,4179
"{主修=Business,自學_低}",0.0835,4175
"{付費=是,年級=Sophomore}",0.08348,4174
"{GPA_上升,政策=Allowed_With_Citation,自學_高}",0.08344,4172
"{主修=Business,自學_高}",0.08336,4168
"{AI時數_中,用途=Copywriting/Drafting}",0.08334,4167
"{AI時數_低,依賴_低,自學_中}",0.0833,4165
"{GPA_上升,依賴_低,焦慮_低}",0.08328,4164
"{依賴_低,政策=Allowed_With_Citation,自學_低}",0.08328,4164
"{焦慮_中,用途=Debugging/Troubleshooting}",0.0832,4160
"{AI時數_低,付費=否,自學_高}",0.08314,4157
"{依賴_低,焦慮_低,自學_中}",0.08308,4154
"{焦慮_中,用途=Copywriting/Drafting}",0.08288,4144
"{GPA_上升,年級=Junior}",0.08284,4142
"{倦怠=High,自學_中}",0.08284,4142
"{AI時數_高,主修=Business}",0.08278,4139
"{GPA_上升,付費=否,倦怠=Medium}",0.08268,4134
"{GPA_下降,政策=Allowed_With_Citation,自學_低}",0.08262,4131
"{技能=Beginner,用途=Debugging/Troubleshooting}",0.08256,4128
"{主修=STEM,付費=否,政策=Allowed_With_Citation}",0.08256,4128
"{付費=否,倦怠=Medium,自學_中}",0.08248,4124
"{技能=Beginner,用途=Ideation}",0.08242,4121
"{付費=是,政策=Allowed_With_Citation,焦慮_低}",0.08232,4116
"{年級=Freshman,技能=Beginner}",0.08228,4114
"{技能=Advanced,政策=Actively_Encouraged}",0.08228,4114
"{GPA_下降,依賴_低,焦慮_低}",0.08228,4114
"{GPA_下降,付費=否,倦怠=Medium}",0.08222,4111
"{年級=Senior,焦慮_低}",0.0822,4110
"{AI時數_低,倦怠=Low,政策=Allowed_With_Citation}",0.0822,4110
"{付費=否,焦慮_低,自學_高}",0.08216,4108
"{年級=Junior,技能=Beginner}",0.08214,4107
"{倦怠=Medium,年級=Sophomore}",0.08204,4102
"{付費=是,政策=Strict_Ban}",0.082,4100
"{焦慮_低,用途=Ideation}",0.08194,4097
"{依賴_低,倦怠=Medium,技能=Intermediate}",0.08168,4084
"{付費=否,技能=Intermediate,焦慮_低}",0.08162,4081
"{倦怠=Low,用途=Copywriting/Drafting}",0.08152,4076
"{AI時數_低,付費=否,技能=Beginner}",0.08152,4076
"{倦怠=High,焦慮_中}",0.0815,4075
"{用途=Copywriting/Drafting,自學_中}",0.08148,4074
"{付費=是,依賴_低,倦怠=Low}",0.08146,4073
"{AI時數_中,付費=否,技能=Beginner}",0.0814,4070
"{用途=Debugging/Troubleshooting,自學_高}",0.08134,4067
"{用途=Copywriting/Drafting,自學_高}",0.08108,4054
"{AI時數_高,依賴_低}",0.08102,4051
"{AI時數_低,付費=否,依賴_低,焦慮_低}",0.08096,4048
"{AI時數_低,主修=STEM}",0.08088,4044
"{付費=是,依賴_中}",0.08076,4038
"{用途=Debugging/Troubleshooting,自學_中}",0.08072,4036
"{付費=否,倦怠=Medium,自學_低}",0.08062,4031
"{依賴_高,政策=Actively_Encouraged}",0.0806,4030
"{主修=Humanities,焦慮_低}",0.08042,4021
"{主修=Humanities,技能=Beginner}",0.08014,4007
"{依賴_低,倦怠=Low,技能=Intermediate}",0.08012,4006
"{倦怠=Medium,技能=Beginner,政策=Allowed_With_Citation}",0.08012,4006
"{付費=否,依賴_低,政策=Allowed_With_Citation,焦慮_低}",0.08012,4006
"{依賴_低,倦怠=Medium,自學_高}",0.08008,4004
"{GPA_下降,用途=Copywriting/Drafting}",0.07996,3998
"{GPA_持平,倦怠=High}",0.07994,3997
"{依賴_低,年級=Graduate}",0.07986,3993
"{主修=Humanities,付費=是}",0.07974,3987
"{AI時數_低,GPA_下降,付費=否}",0.07966,3983
"{付費=否,倦怠=Low,自學_高}",0.07958,3979
"{年級=Junior,技能=Intermediate}",0.0792,3960
"{AI時數_中,依賴_低,倦怠=Low}",0.07906,3953
"{AI時數_中,倦怠=Medium,政策=Allowed_With_Citation}",0.079,3950
"{AI時數_高,依賴_高,自學_低}",0.07894,3947
"{GPA_上升,依賴_低,倦怠=Medium}",0.07894,3947
"{AI時數_中,用途=Debugging/Troubleshooting}",0.07876,3938
"{主修=STEM,政策=Allowed_With_Citation,用途=Debugging/Troubleshooting}",0.07876,3938
"{GPA_上升,主修=Business}",0.07872,3936
"{GPA_持平,付費=否,焦慮_低}",0.0787,3935
"{年級=Senior,技能=Beginner}",0.0785,3925
"{付費=否,技能=Advanced,政策=Allowed_With_Citation}",0.07836,3918
"{倦怠=Medium,技能=Intermediate,政策=Allowed_With_Citation}",0.07822,3911
"{GPA_下降,付費=否,焦慮_低}",0.07818,3909
"{年級=Freshman,技能=Intermediate}",0.07814,3907
"{倦怠=Medium,政策=Strict_Ban}",0.0781,3905
"{依賴_低,倦怠=Medium,自學_中}",0.07804,3902
"{AI時數_中,付費=否,倦怠=Low}",0.07796,3898
"{GPA_持平,依賴_低,倦怠=Low}",0.07788,3894
"{AI時數_低,主修=Humanities}",0.07786,3893
"{AI時數_低,付費=否,技能=Intermediate}",0.07786,3893
"{GPA_持平,依賴_低,倦怠=Medium}",0.0777,3885
"{AI時數_高,付費=是,焦慮_高}",0.07768,3884
"{依賴_低,倦怠=Medium,焦慮_中}",0.07768,3884
"{用途=Copywriting/Drafting,自學_低}",0.07766,3883
"{AI時數_低,政策=Allowed_With_Citation,焦慮_低}",0.07748,3874
"{付費=是,技能=Beginner,政策=Allowed_With_Citation}",0.07742,3871
"{GPA_下降,付費=否,技能=Beginner}",0.0773,3865
"{GPA_上升,付費=是,政策=Allowed_With_Citation}",0.07726,3863
"{主修=Medical,付費=否}",0.0772,3860
"{AI時數_高,付費=是,自學_低}",0.077,3850
"{付費=否,倦怠=Low,技能=Beginner}",0.07696,3848
"{技能=Advanced,焦慮_高}",0.07676,3838
"{依賴_低,倦怠=High}",0.07674,3837
"{GPA_下降,依賴_低,倦怠=Low}",0.07666,3833
"{AI時數_中,焦慮_高}",0.07664,3832
"{付費=否,焦慮_低,自學_中}",0.07656,3828
"{GPA_下降,年級=Sophomore}",0.07646,3823
"{倦怠=Low,用途=Debugging/Troubleshooting}",0.07644,3822
"{依賴_低,焦慮_低,自學_低}",0.07638,3819
"{AI時數_高,倦怠=High,政策=Allowed_With_Citation}",0.07636,3818
"{GPA_持平,用途=Debugging/Troubleshooting}",0.07626,3813
"{依賴_低,政策=Actively_Encouraged,焦慮_低}",0.07614,3807
"{付費=是,政策=Allowed_With_Citation,焦慮_中}",0.07602,3801
"{AI時數_高,主修=STEM,依賴_高}",0.07596,3798
"{依賴_高,自學_高}",0.07592,3796
"{技能=Intermediate,用途=Ideation}",0.07586,3793
"{AI時數_低,GPA_上升,依賴_低}",0.0758,3790
"{倦怠=Medium,政策=Allowed_With_Citation,焦慮_中}",0.07572,3786
"{依賴_低,倦怠=Low,焦慮_中}",0.07568,3784
"{GPA_持平,年級=Junior}",0.07566,3783
"{付費=是,技能=Intermediate,政策=Allowed_With_Citation}",0.07564,3782
"{AI時數_低,倦怠=Low,焦慮_低}",0.07562,3781
"{GPA_持平,付費=否,技能=Beginner}",0.07562,3781
"{AI時數_中,付費=否,自學_高}",0.07554,3777
"{技能=Advanced,用途=Debugging/Troubleshooting}",0.07552,3776
"{AI時數_中,付費=否,焦慮_中}",0.07552,3776
"{AI時數_高,付費=否,依賴_高}",0.0754,3770
"{主修=Business,政策=Actively_Encouraged}",0.07538,3769
"{GPA_上升,付費=否,焦慮_低}",0.07532,3766
"{AI時數_中,付費=否,技能=Intermediate}",0.07526,3763
"{GPA_下降,依賴_低,倦怠=Medium}",0.07526,3763
"{年級=Freshman,焦慮_中}",0.07518,3759
"{GPA_上升,倦怠=Medium,政策=Allowed_With_Citation}",0.07516,3758
"{政策=Actively_Encouraged,焦慮_高}",0.07508,3754
"{年級=Graduate,政策=Allowed_With_Citation}",0.07506,3753
"{GPA_上升,用途=Copywriting/Drafting}",0.07504,3752
"{依賴_高,技能=Advanced}",0.07502,3751
"{付費=否,依賴_低,用途=Debugging/Troubleshooting}",0.075,3750
"{政策=Strict_Ban,焦慮_高}",0.07498,3749
"{AI時數_低,依賴_低,政策=Actively_Encouraged}",0.07496,3748
"{年級=Senior,技能=Intermediate}",0.07486,3743
"{AI時數_高,主修=STEM,付費=是}",0.07484,3742
"{付費=是,政策=Allowed_With_Citation,自學_低}",0.0748,3740
"{AI時數_中,依賴_中}",0.07476,3738
"{AI時數_低,用途=Debugging/Troubleshooting}",0.0747,3735
"{主修=Humanities,付費=否,依賴_低}",0.0747,3735
"{AI時數_高,倦怠=High,焦慮_高}",0.07458,3729
"{AI時數_中,依賴_低,技能=Beginner}",0.07448,3724
"{依賴_低,倦怠=Low,自學_中}",0.07446,3723
"{依賴_中,技能=Beginner}",0.07444,3722
"{AI時數_中,年級=Junior}",0.0743,3715
"{年級=Sophomore,焦慮_低}",0.07426,3713
"{主修=STEM,依賴_低,用途=Debugging/Troubleshooting}",0.07424,3712
"{技能=Beginner,政策=Allowed_With_Citation,焦慮_低}",0.07416,3708
"{AI時數_高,年級=Freshman}",0.07414,3707
"{倦怠=High,焦慮_低}",0.07414,3707
"{付費=否,技能=Beginner,焦慮_中}",0.07408,3704
"{AI時數_中,GPA_上升,付費=否}",0.07406,3703
"{AI時數_中,GPA_持平,付費=否}",0.07406,3703
"{年級=Junior,焦慮_中}",0.07402,3701
"{AI時數_低,年級=Freshman}",0.07396,3698
"{年級=Junior,自學_高}",0.07394,3697
"{付費=否,依賴_低,倦怠=Medium,政策=Allowed_With_Citation}",0.0739,3695
"{年級=Freshman,自學_低}",0.07388,3694
"{AI時數_低,年級=Junior}",0.07386,3693
"{付費=否,倦怠=Low,技能=Intermediate}",0.07386,3693
"{付費=否,技能=Beginner,自學_高}",0.0738,3690
"{依賴_低,倦怠=Medium,自學_低}",0.07378,3689
"{主修=Business,付費=否,政策=Allowed_With_Citation}",0.07372,3686
"{年級=Junior,自學_低}",0.07366,3683
"{GPA_持平,用途=Ideation}",0.07354,3677
"{付費=否,用途=Direct_Answer_Generation}",0.07348,3674
"{AI時數_低,GPA_持平,付費=否}",0.07348,3674
"{付費=否,焦慮_低,自學_低}",0.07348,3674
"{用途=Ideation,自學_低}",0.07346,3673
"{付費=否,倦怠=Medium,政策=Actively_Encouraged}",0.07346,3673
"{政策=Actively_Encouraged,用途=Debugging/Troubleshooting}",0.07344,3672
"{年級=Freshman,自學_高}",0.07338,3669
"{年級=Freshman,自學_中}",0.07336,3668
"{GPA_下降,用途=Ideation}",0.0733,3665
"{年級=Junior,自學_中}",0.0733,3665
"{GPA_持平,倦怠=Medium,政策=Allowed_With_Citation}",0.0732,3660
"{付費=否,依賴_低,年級=Junior}",0.07318,3659
"{GPA_下降,政策=Strict_Ban}",0.07314,3657
"{依賴_低,技能=Advanced,政策=Allowed_With_Citation}",0.07314,3657
"{焦慮_中,用途=Ideation}",0.07312,3656
"{AI時數_高,付費=否,政策=Allowed_With_Citation}",0.0731,3655
"{付費=是,依賴_低,技能=Beginner}",0.07308,3654
"{倦怠=Medium,用途=Summarizing_Reading}",0.07302,3651
"{GPA_下降,技能=Advanced}",0.07302,3651
"{AI時數_高,倦怠=High,自學_低}",0.073,3650
"{AI時數_低,付費=否,焦慮_中}",0.07298,3649
"{付費=是,用途=Summarizing_Reading}",0.07288,3644
"{付費=是,依賴_高,倦怠=High}",0.07288,3644
"{倦怠=Medium,政策=Allowed_With_Citation,自學_高}",0.07284,3642
"{倦怠=Medium,政策=Allowed_With_Citation,自學_中}",0.0728,3640
"{付費=否,依賴_低,年級=Freshman}",0.07278,3639
"{AI時數_高,年級=Junior}",0.07274,3637
"{倦怠=Low,政策=Allowed_With_Citation,焦慮_低}",0.07272,3636
"{GPA_下降,付費=否,技能=Intermediate}",0.07258,3629
"{AI時數_中,年級=Freshman}",0.07252,3626
"{AI時數_中,付費=否,自學_中}",0.07252,3626
"{付費=否,依賴_低,年級=Senior}",0.07248,3624
"{AI時數_低,依賴_低,自學_低}",0.07242,3621
"{技能=Beginner,政策=Strict_Ban}",0.07236,3618
"{GPA_上升,倦怠=Medium,自學_高}",0.07236,3618
"{倦怠=Medium,政策=Allowed_With_Citation,自學_低}",0.07222,3611
"{依賴_高,用途=Debugging/Troubleshooting}",0.07214,3607
"{付費=否,技能=Beginner,自學_中}",0.07214,3607
"{主修=Humanities,倦怠=Low}",0.07212,3606
"{GPA_下降,付費=否,倦怠=Low}",0.07204,3602
"{倦怠=Low,焦慮_高}",0.07198,3599
"{年級=Senior,自學_中}",0.07194,3597
"{付費=是,依賴_低,技能=Intermediate}",0.07192,3596
"{付費=是,依賴_高,政策=Allowed_With_Citation}",0.07188,3594
"{年級=Sophomore,技能=Beginner}",0.07186,3593
"{主修=STEM,依賴_低,政策=Allowed_With_Citation}",0.07184,3592
"{AI時數_低,用途=Ideation}",0.07182,3591
"{技能=Intermediate,政策=Allowed_With_Citation,焦慮_低}",0.07182,3591
"{付費=否,政策=Actively_Encouraged,焦慮_低}",0.07178,3589
"{付費=是,政策=Allowed_With_Citation,自學_中}",0.07176,3588
"{倦怠=Low,年級=Junior}",0.07174,3587
"{倦怠=Low,年級=Sophomore}",0.0717,3585
"{AI時數_高,用途=Ideation}",0.0717,3585
"{AI時數_中,付費=是,依賴_低}",0.07168,3584
"{GPA_持平,年級=Senior}",0.07162,3581
"{付費=否,政策=Allowed_With_Citation,用途=Copywriting/Drafting}",0.07156,3578
"{年級=Senior,焦慮_中}",0.07154,3577
"{付費=否,依賴_低,倦怠=Low,政策=Allowed_With_Citation}",0.07154,3577
"{AI時數_低,倦怠=Medium,政策=Allowed_With_Citation}",0.07152,3576
"{政策=Actively_Encouraged,用途=Copywriting/Drafting}",0.07144,3572
"{主修=STEM,付費=是,用途=Debugging/Troubleshooting}",0.0714,3570
"{AI時數_高,年級=Senior}",0.07126,3563
"{倦怠=High,政策=Actively_Encouraged}",0.07126,3563
"{付費=否,依賴_低,用途=Ideation}",0.07126,3563
"{AI時數_低,年級=Senior}",0.07114,3557
"{GPA_下降,依賴_低,技能=Beginner}",0.07102,3551
"{主修=Medical,依賴_低}",0.0709,3545
"{AI時數_中,用途=Ideation}",0.0709,3545
"{AI時數_高,用途=Copywriting/Drafting}",0.07088,3544
"{倦怠=Low,用途=Ideation}",0.07084,3542
"{付費=是,依賴_低,自學_高}",0.0708,3540
"{GPA_下降,付費=是,自學_低}",0.07072,3536
"{付費=否,技能=Beginner,自學_低}",0.07072,3536
"{用途=Ideation,自學_高}",0.0707,3535
"{GPA_持平,付費=是,政策=Allowed_With_Citation}",0.0707,3535
"{AI時數_中,主修=Humanities}",0.07068,3534
"{主修=STEM,付費=否,倦怠=Medium}",0.07068,3534
"{GPA_上升,付費=是,依賴_低}",0.07068,3534
"{AI時數_低,付費=否,自學_中}",0.07066,3533
"{付費=否,政策=Allowed_With_Citation,焦慮_高}",0.07054,3527
"{主修=Humanities,技能=Intermediate}",0.07052,3526
"{年級=Senior,自學_低}",0.0705,3525
"{倦怠=High,技能=Advanced}",0.07046,3523
"{GPA_持平,付費=否,倦怠=Low}",0.07046,3523
"{GPA_持平,年級=Freshman}",0.07044,3522
"{付費=否,倦怠=Low,焦慮_中}",0.07032,3516
"{AI時數_中,年級=Senior}",0.07028,3514
"{用途=Ideation,自學_中}",0.07026,3513
"{GPA_持平,付費=否,自學_中}",0.07026,3513
"{年級=Senior,自學_高}",0.07024,3512
"{焦慮_高,用途=Debugging/Troubleshooting}",0.0701,3505
"{主修=Arts,付費=否}",0.07,3500
"{AI時數_中,GPA_上升,依賴_低}",0.06996,3498
"{GPA_上升,依賴_低,倦怠=Low}",0.06992,3496
"{GPA_持平,付費=否,技能=Intermediate}",0.0699,3495
"{依賴_中,焦慮_低}",0.06988,3494
"{付費=否,技能=Intermediate,自學_高}",0.06986,3493
"{依賴_低,技能=Beginner,自學_高}",0.06978,3489
"{付費=否,技能=Intermediate,焦慮_中}",0.06978,3489
"{年級=Sophomore,技能=Intermediate}",0.06974,3487
"{依賴_中,焦慮_中}",0.0697,3485
"{主修=STEM,付費=是,政策=Allowed_With_Citation}",0.06968,3484
"{付費=否,政策=Allowed_With_Citation,用途=Debugging/Troubleshooting}",0.06966,3483
"{AI時數_中,依賴_低,技能=Intermediate}",0.06958,3479
"{主修=Business,付費=否,用途=Ideation}",0.06956,3478
"{GPA_持平,主修=Humanities}",0.06952,3476
"{GPA_下降,倦怠=Medium,政策=Allowed_With_Citation}",0.0695,3475
"{依賴_中,技能=Intermediate}",0.0694,3470
"{主修=Humanities,焦慮_中}",0.06926,3463
"{AI時數_中,政策=Allowed_With_Citation,焦慮_低}",0.06926,3463
"{依賴_低,技能=Advanced,焦慮_低}",0.06924,3462
"{付費=是,依賴_低,自學_中}",0.06914,3457
"{AI時數_中,依賴_低,自學_高}",0.06912,3456
"{GPA_下降,倦怠=Medium,自學_低}",0.06904,3452
"{付費=否,依賴_低,倦怠=Medium,焦慮_低}",0.06902,3451
"{主修=Business,焦慮_高}",0.06896,3448
"{GPA_持平,依賴_低,技能=Beginner}",0.06894,3447
"{依賴_低,倦怠=Low,政策=Actively_Encouraged}",0.0689,3445
"{AI時數_高,付費=是,倦怠=Medium}",0.0689,3445
"{GPA_持平,付費=是,依賴_低}",0.06888,3444
"{技能=Intermediate,政策=Strict_Ban}",0.06886,3443
"{付費=否,倦怠=Medium,技能=Advanced}",0.06866,3433
"{GPA_上升,付費=是,自學_高}",0.06858,3429
"{政策=Allowed_With_Citation,焦慮_低,自學_高}",0.06858,3429
"{GPA_上升,政策=Allowed_With_Citation,焦慮_低}",0.06856,3428
"{付費=否,倦怠=Low,自學_中}",0.06854,3427
"{付費=是,依賴_低,焦慮_中}",0.06854,3427
"{主修=Humanities,自學_高}",0.0685,3425
"{GPA_持平,政策=Allowed_With_Citation,焦慮_低}",0.06846,3423
"{AI時數_中,依賴_低,焦慮_中}",0.06838,3419
"{AI時數_中,依賴_低,自學_中}",0.0683,3415
"{付費=否,依賴_低,倦怠=Low,焦慮_低}",0.0683,3415
"{主修=Business,依賴_低,政策=Allowed_With_Citation}",0.06828,3414
"{依賴_低,用途=Direct_Answer_Generation}",0.06816,3408
"{依賴_中,自學_高}",0.06816,3408
"{GPA_下降,主修=Humanities}",0.06808,3404
"{AI時數_中,GPA_持平,依賴_低}",0.06808,3404
"{依賴_低,政策=Allowed_With_Citation,用途=Copywriting/Drafting}",0.06804,3402
"{GPA_上升,主修=STEM,用途=Debugging/Troubleshooting}",0.06796,3398
"{付費=否,焦慮_中,自學_高}",0.06794,3397
"{依賴_低,倦怠=Medium,政策=Actively_Encouraged}",0.0679,3395
"{AI時數_中,政策=Strict_Ban}",0.06788,3394
"{GPA_上升,依賴_中}",0.06786,3393
"{政策=Allowed_With_Citation,焦慮_低,自學_中}",0.06784,3392
"{AI時數_高,政策=Allowed_With_Citation,自學_低}",0.06768,3384
"{AI時數_高,依賴_高,技能=Beginner}",0.06762,3381
"{AI時數_中,付費=否,自學_低}",0.0676,3380
"{付費=否,技能=Intermediate,自學_中}",0.0676,3380
"{GPA_上升,用途=Ideation}",0.06758,3379
"{AI時數_中,GPA_下降,付費=否}",0.06754,3377
"{付費=是,政策=Allowed_With_Citation,自學_高}",0.0675,3375
"{AI時數_高,主修=STEM,倦怠=High}",0.06738,3369
"{AI時數_高,倦怠=Medium,政策=Allowed_With_Citation}",0.06734,3367
"{AI時數_高,付費=是,依賴_高,倦怠=High}",0.06728,3364
"{GPA_下降,技能=Beginner,自學_低}",0.0672,3360
"{依賴_低,技能=Intermediate,自學_高}",0.06716,3358
"{主修=STEM,依賴_低,焦慮_低}",0.06714,3357
"{GPA_持平,付費=否,焦慮_中}",0.06712,3356
"{倦怠=High,用途=Debugging/Troubleshooting}",0.06708,3354
"{年級=Sophomore,焦慮_中}",0.06704,3352
"{依賴_低,技能=Beginner,焦慮_中}",0.06702,3351
"{AI時數_低,焦慮_高}",0.06698,3349
"{AI時數_高,GPA_上升,付費=是}",0.0669,3345
"{AI時數_高,付費=是,技能=Beginner}",0.06684,3342
"{付費=否,依賴_低,政策=Strict_Ban}",0.0668,3340
"{GPA_下降,依賴_低,技能=Intermediate}",0.0668,3340
"{GPA_持平,付費=否,自學_高}",0.06678,3339
"{焦慮_低,用途=Summarizing_Reading}",0.06666,3333
"{依賴_低,技能=Beginner,自學_中}",0.06656,3328
"{主修=Humanities,自學_中}",0.06648,3324
"{年級=Junior,政策=Actively_Encouraged}",0.06646,3323
"{AI時數_高,付費=是,技能=Intermediate}",0.06642,3321
"{AI時數_低,付費=否,依賴_低,倦怠=Medium}",0.06642,3321
"{GPA_持平,年級=Sophomore}",0.0664,3320
"{AI時數_低,倦怠=Low,自學_高}",0.0664,3320
"{AI時數_高,付費=否,倦怠=High}",0.06628,3314
"{付費=否,技能=Intermediate,自學_低}",0.06628,3314
"{主修=Arts,依賴_低}",0.06624,3312
"{AI時數_低,年級=Sophomore}",0.06622,3311
"{AI時數_低,依賴_低,技能=Advanced}",0.06622,3311
"{年級=Freshman,政策=Actively_Encouraged}",0.06618,3309
"{年級=Sophomore,自學_低}",0.0661,3305
"{GPA_下降,付費=是,政策=Allowed_With_Citation}",0.0661,3305
"{主修=Business,依賴_高}",0.06608,3304
"{AI時數_高,年級=Sophomore}",0.06604,3302
"{AI時數_高,GPA_下降,依賴_高}",0.06602,3301
"{GPA_上升,焦慮_低,自學_高}",0.06602,3301
"{AI時數_高,依賴_中}",0.066,3300
"{政策=Strict_Ban,自學_高}",0.0659,3295
"{技能=Beginner,政策=Allowed_With_Citation,焦慮_中}",0.0659,3295
"{年級=Sophomore,自學_高}",0.06584,3292
"{AI時數_高,依賴_高,技能=Intermediate}",0.06584,3292
"{依賴_中,自學_中}",0.06576,3288
"{主修=STEM,倦怠=Medium,政策=Allowed_With_Citation}",0.0657,3285
"{GPA_持平,依賴_低,技能=Intermediate}",0.06564,3282
"{主修=STEM,年級=Freshman}",0.0656,3280
"{主修=STEM,年級=Junior}",0.06558,3279
"{政策=Allowed_With_Citation,焦慮_低,自學_低}",0.06552,3276
"{GPA_持平,依賴_中}",0.06548,3274
"{主修=Business,依賴_低,用途=Ideation}",0.06548,3274
"{主修=STEM,年級=Senior}",0.06546,3273
"{GPA_下降,用途=Debugging/Troubleshooting}",0.06546,3273
"{付費=否,年級=Junior,政策=Allowed_With_Citation}",0.06546,3273
"{政策=Actively_Encouraged,用途=Ideation}",0.0654,3270
"{GPA_下降,依賴_中}",0.06534,3267
"{AI時數_高,主修=STEM,用途=Debugging/Troubleshooting}",0.06528,3264
"{年級=Sophomore,自學_中}",0.06526,3263
"{AI時數_低,依賴_低,用途=Copywriting/Drafting}",0.06524,3262
"{AI時數_低,政策=Allowed_With_Citation,自學_高}",0.06522,3261
"{GPA_持平,依賴_低,自學_中}",0.0652,3260
"{付費=否,技能=Beginner,政策=Actively_Encouraged}",0.06506,3253
"{政策=Strict_Ban,自學_低}",0.06504,3252
"{GPA_下降,付費=否,焦慮_中}",0.06502,3251
"{主修=Medical,政策=Allowed_With_Citation}",0.065,3250
"{付費=是,倦怠=Medium,焦慮_低}",0.06496,3248
"{AI時數_中,年級=Sophomore}",0.06494,3247
"{GPA_下降,政策=Allowed_With_Citation,焦慮_低}",0.06492,3246
"{主修=Humanities,自學_低}",0.0649,3245
"{依賴_高,焦慮_低}",0.06484,3242
"{政策=Strict_Ban,自學_中}",0.06482,3241
"{依賴_中,自學_低}",0.06476,3238
"{AI時數_中,付費=否,政策=Actively_Encouraged}",0.06474,3237
"{AI時數_中,倦怠=Medium,焦慮_低}",0.06474,3237
"{付費=否,焦慮_中,自學_中}",0.0647,3235
"{年級=Senior,政策=Actively_Encouraged}",0.06468,3234
"{主修=STEM,倦怠=Medium,用途=Debugging/Troubleshooting}",0.06466,3233
"{GPA_下降,技能=Beginner,政策=Allowed_With_Citation}",0.06464,3232
"{GPA_上升,年級=Graduate}",0.06454,3227
"{付費=否,依賴_高,政策=Allowed_With_Citation}",0.06454,3227
"{依賴_低,倦怠=Medium,技能=Advanced}",0.06444,3222
"{GPA_持平,技能=Beginner,政策=Allowed_With_Citation}",0.06444,3222
"{AI時數_高,主修=STEM,政策=Allowed_With_Citation}",0.06442,3221
"{倦怠=Low,政策=Allowed_With_Citation,自學_高}",0.06442,3221
"{GPA_持平,依賴_低,自學_高}",0.06432,3216
"{AI時數_低,依賴_低,倦怠=Low,政策=Allowed_With_Citation}",0.0643,3215
"{技能=Beginner,用途=Summarizing_Reading}",0.06424,3212
"{GPA_上升,付費=否,焦慮_中}",0.0642,3210
"{政策=Allowed_With_Citation,用途=Direct_Answer_Generation}",0.06412,3206
"{付費=否,技能=Advanced,焦慮_低}",0.06412,3206
"{依賴_低,技能=Intermediate,焦慮_中}",0.0641,3205
"{AI時數_高,政策=Strict_Ban}",0.06408,3204
"{倦怠=Medium,年級=Graduate}",0.064,3200
"{付費=否,年級=Freshman,政策=Allowed_With_Citation}",0.0639,3195
"{付費=是,年級=Graduate}",0.06386,3193
"{AI時數_高,GPA_上升,政策=Allowed_With_Citation}",0.06386,3193
"{付費=否,依賴_低,焦慮_高}",0.06384,3192
"{AI時數_低,政策=Strict_Ban}",0.0638,3190
"{依賴_低,技能=Intermediate,自學_中}",0.06376,3188
"{主修=STEM,付費=否,焦慮_低}",0.06374,3187
"{GPA_上升,付費=否,技能=Beginner}",0.06374,3187
"{付費=否,焦慮_中,自學_低}",0.0637,3185
"{AI時數_低,付費=否,政策=Actively_Encouraged}",0.06362,3181
"{AI時數_低,技能=Beginner,政策=Allowed_With_Citation}",0.06336,3168
"{AI時數_低,依賴_低,倦怠=Low,焦慮_低}",0.06336,3168
"{AI時數_中,付費=否,依賴_低,政策=Allowed_With_Citation}",0.06332,3166
"{付費=否,依賴_低,年級=Sophomore}",0.0633,3165
"{付費=否,倦怠=Low,政策=Actively_Encouraged}",0.06328,3164
"{GPA_下降,技能=Intermediate,自學_低}",0.06324,3162
"{主修=Business,付費=否,倦怠=Medium}",0.0632,3160
"{焦慮_高,用途=Copywriting/Drafting}",0.06316,3158
"{主修=STEM,依賴_低,倦怠=Medium}",0.06314,3157
"{依賴_低,倦怠=Low,自學_低}",0.06312,3156
"{倦怠=High,自學_高}",0.06308,3154
"{AI時數_高,GPA_下降,付費=是}",0.06304,3152
"{AI時數_低,主修=Business,依賴_低}",0.06302,3151
"{主修=Business,依賴_低,焦慮_低}",0.063,3150
"{AI時數_低,倦怠=Medium,焦慮_低}",0.063,3150
"{AI時數_低,GPA_上升,付費=否}",0.06298,3149
"{付費=否,依賴_低,技能=Beginner,政策=Allowed_With_Citation}",0.06296,3148
"{AI時數_低,依賴_低,政策=Allowed_With_Citation,焦慮_低}",0.06284,3142
"{GPA_上升,付費=否,倦怠=Low}",0.06282,3141
"{GPA_下降,付費=是,依賴_低}",0.06282,3141
"{GPA_持平,政策=Strict_Ban}",0.0628,3140
"{技能=Advanced,用途=Copywriting/Drafting}",0.06278,3139
"{AI時數_中,依賴_低,自學_低}",0.06278,3139
"{AI時數_低,付費=否,依賴_低,自學_高}",0.06276,3138
"{政策=Strict_Ban,焦慮_低}",0.06274,3137
"{依賴_低,政策=Allowed_With_Citation,用途=Debugging/Troubleshooting}",0.06274,3137
"{倦怠=Low,技能=Beginner,政策=Allowed_With_Citation}",0.0627,3135
"{AI時數_高,GPA_下降,自學_低}",0.0627,3135
"{依賴_低,焦慮_中,自學_高}",0.06268,3134
"{依賴_低,焦慮_低,用途=Copywriting/Drafting}",0.06264,3132
"{付費=是,倦怠=Medium,技能=Beginner}",0.06264,3132
"{付費=是,倦怠=Low,政策=Allowed_With_Citation}",0.06262,3131
"{技能=Beginner,政策=Allowed_With_Citation,自學_中}",0.0626,3130
"{GPA_持平,技能=Intermediate,政策=Allowed_With_Citation}",0.06256,3128
"{GPA_下降,付費=否,年級=Freshman}",0.06254,3127
"{主修=Humanities,付費=否,用途=Copywriting/Drafting}",0.06252,3126
"{GPA_下降,付費=否,自學_中}",0.06246,3123
"{付費=否,政策=Allowed_With_Citation,用途=Ideation}",0.06244,3122
"{付費=是,依賴_低,自學_低}",0.06244,3122
"{GPA_下降,年級=Junior}",0.0624,3120
"{技能=Beginner,政策=Allowed_With_Citation,自學_低}",0.0624,3120
"{AI時數_低,付費=否,自學_低}",0.06232,3116
"{GPA_上升,主修=Humanities}",0.06228,3114
"{技能=Intermediate,政策=Allowed_With_Citation,焦慮_中}",0.06228,3114
"{付費=否,倦怠=Medium,用途=Copywriting/Drafting}",0.06218,3109
"{依賴_低,倦怠=Low,年級=Freshman}",0.06216,3108
"{AI時數_中,GPA_下降,依賴_低}",0.06216,3108
"{付費=否,倦怠=Medium,焦慮_高}",0.0621,3105
"{付費=是,倦怠=High,政策=Allowed_With_Citation}",0.06204,3102
"{主修=Business,技能=Advanced}",0.06202,3101
"{主修=Medical,用途=Summarizing_Reading}",0.062,3100
"{GPA_上升,自學_低}",0.062,3100
"{AI時數_低,付費=否,依賴_低,技能=Beginner}",0.062,3100
"{GPA_上升,付費=是,倦怠=Medium}",0.06196,3098
"{GPA_下降,技能=Intermediate,政策=Allowed_With_Citation}",0.06196,3098
"{AI時數_高,GPA_上升,依賴_高}",0.06194,3097
"{AI時數_中,技能=Beginner,政策=Allowed_With_Citation}",0.0619,3095
"{付費=是,倦怠=Medium,技能=Intermediate}",0.06186,3093
"{付費=是,依賴_高,焦慮_高}",0.06176,3088
"{倦怠=Medium,技能=Beginner,焦慮_低}",0.06176,3088
"{AI時數_高,付費=是,自學_中}",0.06172,3086
"{技能=Intermediate,用途=Summarizing_Reading}",0.0617,3085
"{倦怠=Low,年級=Senior}",0.0617,3085
"{GPA_上升,依賴_低,技能=Advanced}",0.06166,3083
"{GPA_持平,政策=Allowed_With_Citation,自學_中}",0.06156,3078
"{AI時數_低,技能=Intermediate,政策=Allowed_With_Citation}",0.06148,3074
"{依賴_低,技能=Beginner,自學_低}",0.06146,3073
"{GPA_上升,政策=Allowed_With_Citation,焦慮_中}",0.06138,3069
"{年級=Junior,焦慮_高}",0.06136,3068
"{GPA_下降,焦慮_低,自學_低}",0.06134,3067
"{AI時數_高,依賴_高,自學_中}",0.06132,3066
"{付費=否,技能=Intermediate,政策=Actively_Encouraged}",0.0613,3065
"{技能=Beginner,政策=Allowed_With_Citation,自學_高}",0.0613,3065
"{GPA_上升,付費=否,技能=Intermediate}",0.06126,3063
"{付費=是,依賴_低,政策=Actively_Encouraged}",0.0611,3055
"{GPA_持平,依賴_低,焦慮_中}",0.0611,3055
"{AI時數_低,GPA_下降,政策=Allowed_With_Citation}",0.0611,3055
"{AI時數_高,技能=Beginner,政策=Allowed_With_Citation}",0.06104,3052
"{主修=Business,倦怠=High}",0.06102,3051
"{付費=是,技能=Advanced,政策=Allowed_With_Citation}",0.061,3050
"{GPA_上升,技能=Advanced,政策=Allowed_With_Citation}",0.06098,3049
"{年級=Freshman,焦慮_高}",0.06092,3046
"{GPA_上升,付費=否,技能=Advanced}",0.06092,3046
"{主修=STEM,政策=Strict_Ban}",0.06086,3043
"{主修=Humanities,付費=否,政策=Allowed_With_Citation}",0.06078,3039
"{AI時數_高,政策=Allowed_With_Citation,焦慮_中}",0.06078,3039
"{付費=否,年級=Senior,政策=Allowed_With_Citation}",0.06076,3038
"{依賴_低,倦怠=Low,技能=Advanced}",0.06076,3038
"{AI時數_低,主修=STEM,依賴_低}",0.06072,3036
"{依賴_中,政策=Actively_Encouraged}",0.0607,3035
"{GPA_下降,自學_高}",0.0607,3035
"{AI時數_低,倦怠=Low,技能=Beginner}",0.06064,3032
"{依賴_低,焦慮_中,自學_中}",0.0606,3030
"{主修=Humanities,政策=Actively_Encouraged}",0.06058,3029
"{AI時數_中,GPA_上升,自學_高}",0.06056,3028
"{AI時數_高,付費=是,焦慮_中}",0.06052,3026
"{主修=Business,政策=Allowed_With_Citation,用途=Ideation}",0.06046,3023
"{依賴_高,倦怠=High,政策=Allowed_With_Citation}",0.06046,3023
"{依賴_中,倦怠=Low}",0.06038,3019
"{AI時數_高,依賴_高,倦怠=Medium}",0.06038,3019
"{技能=Intermediate,政策=Allowed_With_Citation,自學_低}",0.06034,3017
"{主修=Business,付費=否,技能=Beginner}",0.06024,3012
"{年級=Freshman,技能=Advanced}",0.0602,3010
"{GPA_持平,付費=否,政策=Actively_Encouraged}",0.06008,3004
"{AI時數_低,GPA_下降,付費=否,依賴_低}",0.06008,3004
"{付費=否,政策=Actively_Encouraged,焦慮_中}",0.06006,3003
"{主修=STEM,依賴_中}",0.06,3000
"{依賴_低,年級=Junior,政策=Allowed_With_Citation}",0.06,3000
"{主修=Humanities,依賴_低,用途=Copywriting/Drafting}",0.05998,2999
"{AI時數_高,依賴_高,焦慮_中}",0.05996,2998
"{付費=是,倦怠=Medium,焦慮_中}",0.05996,2998
"{AI時數_中,付費=否,依賴_低,焦慮_低}",0.05996,2998
"{AI時數_中,主修=STEM,付費=否}",0.05992,2996
"{依賴_低,年級=Freshman,政策=Allowed_With_Citation}",0.0599,2995
"{GPA_持平,用途=Summarizing_Reading}",0.05982,2991
"{GPA_上升,政策=Strict_Ban}",0.05982,2991
"{付費=否,依賴_低,政策=Allowed_With_Citation,自學_高}",0.0598,2990
"{AI時數_低,主修=Humanities,依賴_低}",0.05972,2986
"{技能=Intermediate,政策=Allowed_With_Citation,自學_高}",0.05958,2979
"{年級=Junior,技能=Advanced}",0.05956,2978
"{AI時數_中,依賴_低,政策=Actively_Encouraged}",0.05956,2978
"{付費=否,依賴_低,技能=Intermediate,政策=Allowed_With_Citation}",0.05956,2978
"{倦怠=Medium,技能=Advanced,政策=Allowed_With_Citation}",0.05952,2976
"{AI時數_低,付費=否,依賴_低,技能=Intermediate}",0.05946,2973
"{GPA_下降,用途=Summarizing_Reading}",0.05944,2972
"{AI時數_中,付費=是,政策=Allowed_With_Citation}",0.05944,2972
"{付費=否,政策=Actively_Encouraged,自學_高}",0.05942,2971
"{付費=是,倦怠=Medium,自學_中}",0.05942,2971
"{倦怠=Low,政策=Strict_Ban}",0.0594,2970
"{主修=Humanities,依賴_低,政策=Allowed_With_Citation}",0.0594,2970
"{AI時數_中,倦怠=Low,政策=Allowed_With_Citation}",0.05938,2969
"{焦慮_高,用途=Ideation}",0.05936,2968
"{年級=Senior,技能=Advanced}",0.05932,2966
"{付費=否,依賴_中,政策=Allowed_With_Citation}",0.05932,2966
"{依賴_高,用途=Copywriting/Drafting}",0.05928,2964
"{依賴_高,倦怠=High,焦慮_高}",0.05928,2964
"{GPA_上升,付費=否,自學_中}",0.05922,2961
"{AI時數_低,付費=是,政策=Allowed_With_Citation}",0.0592,2960
"{主修=STEM,年級=Sophomore}",0.05918,2959
"{付費=否,依賴_低,技能=Beginner,焦慮_低}",0.05918,2959
"{AI時數_低,倦怠=Low,技能=Intermediate}",0.05916,2958
"{GPA_持平,政策=Allowed_With_Citation,焦慮_中}",0.05914,2957
"{GPA_上升,主修=STEM,付費=否}",0.05912,2956
"{政策=Allowed_With_Citation,焦慮_中,自學_高}",0.05912,2956
"{依賴_中,焦慮_高}",0.0591,2955
"{主修=Business,依賴_低,倦怠=Medium}",0.05902,2951
"{AI時數_中,付費=否,技能=Advanced}",0.059,2950
"{依賴_低,技能=Beginner,政策=Actively_Encouraged}",0.059,2950
"{AI時數_低,GPA_持平,政策=Allowed_With_Citation}",0.059,2950
"{GPA_上升,依賴_低,焦慮_中}",0.05898,2949
"{政策=Allowed_With_Citation,焦慮_中,自學_低}",0.05898,2949
"{年級=Senior,焦慮_高}",0.05894,2947
"{技能=Intermediate,政策=Allowed_With_Citation,自學_中}",0.0589,2945
"{AI時數_中,付費=否,依賴_低,倦怠=Medium}",0.0589,2945
"{倦怠=Low,技能=Intermediate,政策=Allowed_With_Citation}",0.05878,2939
"{GPA_下降,依賴_低,焦慮_中}",0.05874,2937
"{AI時數_中,GPA_上升,政策=Allowed_With_Citation}",0.05872,2936
"{主修=Arts,政策=Allowed_With_Citation}",0.0587,2935
"{依賴_低,焦慮_低,用途=Debugging/Troubleshooting}",0.0587,2935
"{AI時數_中,技能=Intermediate,政策=Allowed_With_Citation}",0.05868,2934
"{AI時數_高,技能=Intermediate,政策=Allowed_With_Citation}",0.05866,2933
"{主修=Business,付費=否,焦慮_低}",0.05864,2932
"{AI時數_低,GPA_下降,倦怠=Low}",0.05864,2932
"{依賴_高,年級=Junior}",0.05862,2931
"{AI時數_高,倦怠=High,技能=Beginner}",0.05856,2928
"{付費=否,倦怠=Medium,用途=Debugging/Troubleshooting}",0.05848,2924
"{AI時數_低,用途=Summarizing_Reading}",0.0584,2920
"{GPA_持平,付費=否,自學_低}",0.05834,2917
"{主修=STEM,政策=Allowed_With_Citation,焦慮_低}",0.05832,2916
"{用途=Summarizing_Reading,自學_中}",0.0583,2915
"{倦怠=High,年級=Senior}",0.0583,2915
"{AI時數_高,GPA_持平,依賴_高}",0.0583,2915
"{GPA_上升,倦怠=Medium,焦慮_低}",0.05828,2914
"{倦怠=Medium,技能=Intermediate,焦慮_低}",0.05828,2914
"{倦怠=High,政策=Strict_Ban}",0.05826,2913
"{依賴_高,年級=Freshman}",0.05826,2913
"{AI時數_中,用途=Summarizing_Reading}",0.05824,2912
"{AI時數_高,GPA_持平,付費=是}",0.0582,2910
"{付費=否,倦怠=High,政策=Allowed_With_Citation}",0.05818,2909
"{主修=STEM,付費=否,技能=Intermediate}",0.05818,2909
"{政策=Allowed_With_Citation,焦慮_中,自學_中}",0.05818,2909
"{倦怠=Low,用途=Summarizing_Reading}",0.05816,2908
"{依賴_低,技能=Intermediate,自學_低}",0.05806,2903
"{政策=Strict_Ban,焦慮_中}",0.05804,2902
"{年級=Sophomore,政策=Actively_Encouraged}",0.05804,2902
"{焦慮_中,用途=Summarizing_Reading}",0.05802,2901
"{倦怠=Medium,焦慮_低,自學_高}",0.05802,2901
"{AI時數_中,倦怠=Medium,技能=Beginner}",0.05796,2898
"{GPA_下降,依賴_低,自學_中}",0.05794,2897
"{AI時數_低,依賴_中}",0.05792,2896
"{AI時數_高,GPA_下降,倦怠=High}",0.0579,2895
"{AI時數_高,付費=否,倦怠=Medium}",0.0579,2895
"{用途=Summarizing_Reading,自學_高}",0.05788,2894
"{AI時數_中,依賴_高}",0.05788,2894
"{AI時數_中,政策=Allowed_With_Citation,焦慮_中}",0.05788,2894
"{AI時數_低,焦慮_低,自學_高}",0.05786,2893
"{付費=否,年級=Sophomore,政策=Allowed_With_Citation}",0.05784,2892
"{GPA_上升,依賴_低,技能=Beginner}",0.05784,2892
"{年級=Graduate,焦慮_低}",0.05776,2888
"{GPA_上升,付費=是,技能=Advanced}",0.05772,2886
"{主修=STEM,依賴_低,倦怠=Low}",0.05772,2886
"{主修=STEM,付費=是,依賴_低}",0.05772,2886
"{GPA_上升,主修=STEM,政策=Allowed_With_Citation}",0.05766,2883
"{GPA_下降,付費=否,政策=Actively_Encouraged}",0.05764,2882
"{AI時數_低,政策=Allowed_With_Citation,焦慮_中}",0.05762,2881
"{付費=否,焦慮_低,用途=Copywriting/Drafting}",0.0576,2880
"{GPA_持平,倦怠=Low,政策=Allowed_With_Citation}",0.05758,2879
"{AI時數_中,政策=Allowed_With_Citation,自學_高}",0.05758,2879
"{依賴_低,倦怠=Medium,政策=Allowed_With_Citation,焦慮_低}",0.05752,2876
"{付費=否,依賴_低,用途=Summarizing_Reading}",0.0575,2875
"{依賴_低,倦怠=Medium,用途=Copywriting/Drafting}",0.05738,2869
"{付費=是,依賴_低,技能=Advanced}",0.05738,2869
"{倦怠=Low,政策=Allowed_With_Citation,焦慮_中}",0.05736,2868
"{AI時數_中,GPA_持平,政策=Allowed_With_Citation}",0.05736,2868
"{依賴_高,用途=Ideation}",0.0573,2865
"{主修=Business,依賴_低,倦怠=Low}",0.0573,2865
"{GPA_上升,倦怠=Low,自學_高}",0.05726,2863
"{AI時數_低,GPA_持平,倦怠=Low}",0.05726,2863
"{GPA_上升,技能=Beginner,政策=Allowed_With_Citation}",0.05722,2861
"{付費=是,倦怠=Medium,自學_低}",0.05722,2861
"{依賴_低,政策=Allowed_With_Citation,用途=Ideation}",0.0572,2860
"{付費=是,依賴_高,自學_低}",0.0572,2860
"{付費=否,倦怠=Low,自學_低}",0.0572,2860
"{依賴_高,年級=Senior}",0.05718,2859
"{付費=否,倦怠=Low,年級=Freshman}",0.05718,2859
"{AI時數_低,技能=Beginner,焦慮_低}",0.05718,2859
"{依賴_低,倦怠=Low,用途=Copywriting/Drafting}",0.05716,2858
"{付費=否,政策=Actively_Encouraged,自學_中}",0.05708,2854
"{付費=否,倦怠=Medium,年級=Junior}",0.05702,2851
"{GPA_下降,依賴_低,年級=Freshman}",0.057,2850
"{AI時數_高,付費=否,自學_低}",0.057,2850
"{主修=Business,年級=Junior}",0.0569,2845
"{GPA_上升,付費=否,用途=Debugging/Troubleshooting}",0.0569,2845
"{AI時數_低,依賴_低,用途=Debugging/Troubleshooting}",0.05686,2843
"{AI時數_高,付費=是,依賴_高,政策=Allowed_With_Citation}",0.05678,2839
"{GPA_持平,付費=否,依賴_低,政策=Allowed_With_Citation}",0.05678,2839
"{主修=STEM,焦慮_低,用途=Debugging/Troubleshooting}",0.05674,2837
"{AI時數_低,付費=否,技能=Advanced}",0.05674,2837
"{AI時數_高,依賴_高,政策=Actively_Encouraged}",0.0567,2835
"{主修=Business,年級=Freshman}",0.05662,2831
"{依賴_高,倦怠=High,自學_低}",0.05662,2831
"{AI時數_高,倦怠=High,技能=Intermediate}",0.05662,2831
"{AI時數_中,GPA_上升,倦怠=Medium}",0.05654,2827
"{GPA_上升,依賴_低,技能=Intermediate}",0.05654,2827
"{AI時數_高,政策=Allowed_With_Citation,自學_中}",0.05652,2826
"{用途=Summarizing_Reading,自學_低}",0.05648,2824
"{GPA_下降,付費=是,技能=Beginner}",0.05646,2823
"{付費=是,倦怠=Medium,自學_高}",0.05642,2821
"{GPA_下降,付費=否,依賴_低,政策=Allowed_With_Citation}",0.0564,2820
"{付費=否,依賴_低,焦慮_低,自學_高}",0.05636,2818
"{依賴_低,政策=Actively_Encouraged,自學_高}",0.05634,2817
"{AI時數_低,付費=是,倦怠=Low}",0.05632,2816
"{AI時數_高,付費=是,政策=Actively_Encouraged}",0.0563,2815
"{GPA_上升,技能=Beginner,自學_高}",0.05628,2814
"{付費=否,技能=Beginner,用途=Copywriting/Drafting}",0.05624,2812
"{付費=否,政策=Actively_Encouraged,自學_低}",0.05624,2812
"{AI時數_中,政策=Allowed_With_Citation,自學_中}",0.05624,2812
"{GPA_上升,依賴_低,自學_中}",0.05622,2811
"{技能=Advanced,用途=Ideation}",0.05614,2807
"{AI時數_中,依賴_低,技能=Advanced}",0.05614,2807
"{付費=否,技能=Beginner,焦慮_高}",0.05612,2806
"{AI時數_高,用途=Summarizing_Reading}",0.05602,2801
"{AI時數_低,依賴_低,年級=Junior}",0.05602,2801
"{GPA_上升,焦慮_中,自學_高}",0.05602,2801
"{技能=Advanced,政策=Allowed_With_Citation,焦慮_低}",0.05596,2798
"{依賴_低,年級=Senior,政策=Allowed_With_Citation}",0.05592,2796
"{年級=Sophomore,焦慮_高}",0.0559,2795
"{AI時數_低,付費=否,用途=Copywriting/Drafting}",0.05588,2794
"{主修=STEM,技能=Intermediate,用途=Debugging/Troubleshooting}",0.05586,2793
"{AI時數_低,GPA_上升,自學_高}",0.0558,2790
"{GPA_上升,政策=Allowed_With_Citation,自學_中}",0.05578,2789
"{GPA_下降,焦慮_中,自學_低}",0.05576,2788
"{GPA_下降,政策=Allowed_With_Citation,焦慮_中}",0.05576,2788
"{AI時數_低,依賴_低,年級=Freshman}",0.05572,2786
"{付費=是,政策=Allowed_With_Citation,焦慮_高}",0.05572,2786
"{倦怠=Medium,焦慮_低,自學_中}",0.05566,2783
"{GPA_持平,付費=是,倦怠=Medium}",0.05566,2783
"{GPA_下降,用途=Direct_Answer_Generation}",0.05562,2781
"{倦怠=Low,焦慮_低,自學_高}",0.05562,2781
"{年級=Sophomore,技能=Advanced}",0.0556,2780
"{AI時數_低,GPA_持平,付費=否,依賴_低}",0.0556,2780
"{AI時數_低,政策=Allowed_With_Citation,自學_中}",0.05558,2779
"{依賴_低,年級=Junior,焦慮_低}",0.05556,2778
"{AI時數_低,GPA_下降,焦慮_低}",0.05556,2778
"{GPA_持平,倦怠=Medium,焦慮_低}",0.05554,2777
"{依賴_低,焦慮_中,自學_低}",0.05554,2777
"{依賴_低,年級=Freshman,焦慮_低}",0.0555,2775
"{AI時數_中,倦怠=Medium,焦慮_中}",0.0555,2775
"{AI時數_中,倦怠=High}",0.05546,2773
"{依賴_低,技能=Intermediate,政策=Actively_Encouraged}",0.05544,2772
"{GPA_下降,付費=是,倦怠=Medium}",0.05544,2772
"{AI時數_中,主修=STEM,依賴_低}",0.05542,2771
"{GPA_下降,倦怠=Medium,技能=Beginner}",0.05538,2769
"{GPA_上升,付費=否,依賴_低,自學_高}",0.05538,2769
"{付費=是,技能=Beginner,焦慮_低}",0.05536,2768
"{主修=STEM,技能=Intermediate,政策=Allowed_With_Citation}",0.0553,2765
"{付費=否,倦怠=Medium,年級=Senior}",0.05526,2763
"{AI時數_高,焦慮_高,自學_低}",0.05524,2762
"{GPA_上升,主修=STEM,依賴_低}",0.05524,2762
"{倦怠=High,用途=Copywriting/Drafting}",0.05522,2761
"{GPA_下降,倦怠=Low,政策=Allowed_With_Citation}",0.05522,2761
"{倦怠=Low,政策=Allowed_With_Citation,自學_中}",0.0552,2760
"{AI時數_高,政策=Allowed_With_Citation,焦慮_低}",0.0552,2760
"{付費=否,依賴_低,倦怠=Low,自學_高}",0.05518,2759
"{付費=是,政策=Allowed_With_Citation,用途=Debugging/Troubleshooting}",0.05514,2757
"{AI時數_高,依賴_高,倦怠=High,焦慮_高}",0.05514,2757
"{年級=Graduate,技能=Beginner}",0.05512,2756
"{主修=Humanities,依賴_低,焦慮_低}",0.05506,2753
"{AI時數_高,付費=否,焦慮_高}",0.05502,2751
"{GPA_上升,付費=否,政策=Actively_Encouraged}",0.05502,2751
"{付費=否,依賴_低,技能=Intermediate,焦慮_低}",0.05502,2751
"{AI時數_中,倦怠=Medium,技能=Intermediate}",0.05498,2749
"{GPA_持平,政策=Allowed_With_Citation,自學_高}",0.05498,2749
"{付費=否,依賴_低,政策=Allowed_With_Citation,自學_中}",0.05498,2749
"{付費=否,依賴_中,倦怠=Medium}",0.05496,2748
"{AI時數_低,倦怠=Low,焦慮_中}",0.05494,2747
"{AI時數_高,付費=是,技能=Advanced}",0.05488,2744
"{AI時數_中,倦怠=Medium,自學_高}",0.05488,2744
"{付費=否,依賴_低,政策=Allowed_With_Citation,焦慮_中}",0.05486,2743
"{依賴_中,技能=Advanced}",0.05484,2742
"{主修=STEM,付費=否,自學_中}",0.0548,2740
"{主修=STEM,付費=否,自學_低}",0.0548,2740
"{年級=Junior,用途=Debugging/Troubleshooting}",0.05478,2739
"{主修=Business,依賴_低,技能=Beginner}",0.05476,2738
"{主修=STEM,付費=否,技能=Advanced}",0.05476,2738
"{付費=是,倦怠=High,自學_低}",0.05472,2736
"{GPA_上升,技能=Intermediate,自學_高}",0.0547,2735
"{GPA_上升,付費=是,焦慮_低}",0.05468,2734
"{主修=Medical,倦怠=Medium}",0.05466,2733
"{AI時數_中,主修=Business,付費=否}",0.05466,2733
"{主修=STEM,付費=否,焦慮_中}",0.05464,2732
"{付費=否,倦怠=Medium,用途=Ideation}",0.05462,2731
"{AI時數_低,GPA_下降,自學_低}",0.05462,2731
"{付費=否,焦慮_低,用途=Debugging/Troubleshooting}",0.05458,2729
"{倦怠=High,年級=Graduate}",0.05456,2728
"{技能=Advanced,政策=Strict_Ban}",0.05454,2727
"{付費=否,倦怠=Low,技能=Advanced}",0.0545,2725
"{GPA_下降,付費=否,依賴_低,自學_低}",0.0545,2725
"{GPA_持平,倦怠=Medium,技能=Beginner}",0.05448,2724
"{AI時數_中,付費=是,倦怠=Medium}",0.05446,2723
"{GPA_下降,付費=是,技能=Intermediate}",0.05442,2721
"{付費=否,技能=Advanced,自學_高}",0.0544,2720
"{AI時數_低,技能=Intermediate,焦慮_低}",0.05438,2719
"{GPA_上升,年級=Sophomore}",0.05434,2717
"{主修=STEM,付費=是,依賴_高}",0.05432,2716
"{主修=STEM,用途=Debugging/Troubleshooting,自學_低}",0.0543,2715
"{GPA_上升,技能=Intermediate,政策=Allowed_With_Citation}",0.0543,2715
"{AI時數_低,付費=否,倦怠=Low,政策=Allowed_With_Citation}",0.0543,2715
"{AI時數_低,主修=Business,付費=否}",0.05424,2712
"{GPA_上升,政策=Allowed_With_Citation,用途=Debugging/Troubleshooting}",0.0542,2710
"{AI時數_中,付費=否,用途=Copywriting/Drafting}",0.05418,2709
"{倦怠=Medium,技能=Beginner,焦慮_中}",0.05418,2709
"{GPA_上升,依賴_低,政策=Actively_Encouraged}",0.05412,2706
"{依賴_高,年級=Sophomore}",0.05404,2702
"{AI時數_低,依賴_低,年級=Senior}",0.05404,2702
"{AI時數_低,依賴_低,用途=Ideation}",0.05404,2702
"{依賴_低,政策=Actively_Encouraged,自學_中}",0.054,2700
"{AI時數_高,GPA_上升,倦怠=High}",0.05398,2699
"{付費=否,依賴_低,倦怠=Medium,技能=Beginner}",0.05398,2699
"{AI時數_低,付費=否,依賴_低,焦慮_中}",0.05396,2698
"{主修=STEM,付費=否,自學_高}",0.0539,2695
"{主修=STEM,付費=是,倦怠=Medium}",0.0539,2695
"{倦怠=Medium,政策=Allowed_With_Citation,用途=Debugging/Troubleshooting}",0.05386,2693
"{主修=Business,倦怠=Medium,政策=Allowed_With_Citation}",0.05386,2693
"{AI時數_高,主修=STEM,自學_低}",0.0538,2690
"{AI時數_低,付費=否,依賴_低,自學_中}",0.0538,2690
"{倦怠=High,年級=Junior}",0.05376,2688
"{付費=否,依賴_低,倦怠=Low,技能=Beginner}",0.05376,2688
"{AI時數_高,主修=STEM,焦慮_高}",0.05374,2687
"{AI時數_高,付費=否,技能=Beginner}",0.05374,2687
"{倦怠=Medium,政策=Allowed_With_Citation,焦慮_高}",0.05368,2684
"{GPA_下降,付費=否,依賴_低,焦慮_低}",0.05368,2684
"{依賴_低,政策=Actively_Encouraged,焦慮_中}",0.05366,2683
"{依賴_高,倦怠=Medium,政策=Allowed_With_Citation}",0.05364,2682
"{GPA_上升,倦怠=Low,政策=Allowed_With_Citation}",0.0536,2680
"{付費=是,技能=Intermediate,焦慮_低}",0.05358,2679
"{AI時數_高,依賴_高,用途=Debugging/Troubleshooting}",0.05352,2676
"{主修=Business,付費=是,政策=Allowed_With_Citation}",0.05352,2676
"{依賴_低,年級=Senior,焦慮_低}",0.0535,2675
"{AI時數_高,付費=是,用途=Debugging/Troubleshooting}",0.05346,2673
"{付費=是,倦怠=Medium,政策=Actively_Encouraged}",0.05346,2673
"{GPA_上升,用途=Summarizing_Reading}",0.0534,2670
"{年級=Freshman,用途=Debugging/Troubleshooting}",0.0534,2670
"{年級=Junior,用途=Copywriting/Drafting}",0.0534,2670
"{AI時數_低,付費=是,焦慮_低}",0.05338,2669
"{GPA_上升,付費=否,依賴_低,政策=Allowed_With_Citation}",0.05338,2669
"{付費=是,用途=Direct_Answer_Generation}",0.05332,2666
"{倦怠=Medium,技能=Beginner,自學_中}",0.05332,2666
"{倦怠=Medium,焦慮_低,自學_低}",0.05332,2666
"{付費=否,倦怠=Medium,政策=Allowed_With_Citation,焦慮_低}",0.05332,2666
"{AI時數_高,GPA_持平,政策=Allowed_With_Citation}",0.0533,2665
"{GPA_持平,主修=STEM,付費=否}",0.05326,2663
"{GPA_下降,年級=Senior}",0.05324,2662
"{主修=STEM,政策=Allowed_With_Citation,自學_低}",0.05322,2661
"{依賴_低,倦怠=Low,政策=Allowed_With_Citation,焦慮_低}",0.05322,2661
"{AI時數_低,倦怠=Low,自學_中}",0.0532,2660
"{GPA_下降,倦怠=Medium,焦慮_低}",0.05318,2659
"{倦怠=Low,技能=Beginner,焦慮_低}",0.05316,2658
"{AI時數_中,GPA_持平,倦怠=Medium}",0.05314,2657
"{GPA_持平,政策=Allowed_With_Citation,自學_低}",0.05312,2656
"{年級=Senior,用途=Debugging/Troubleshooting}",0.05308,2654
"{依賴_高,政策=Allowed_With_Citation,自學_低}",0.05308,2654
"{依賴_低,倦怠=Medium,用途=Debugging/Troubleshooting}",0.05302,2651
"{付費=是,技能=Beginner,自學_低}",0.05302,2651
"{倦怠=Medium,政策=Allowed_With_Citation,用途=Copywriting/Drafting}",0.053,2650
"{主修=STEM,政策=Allowed_With_Citation,焦慮_中}",0.05294,2647
"{AI時數_低,依賴_低,倦怠=Medium,政策=Allowed_With_Citation}",0.05294,2647
"{依賴_低,焦慮_低,用途=Ideation}",0.05292,2646
"{GPA_上升,依賴_低,用途=Debugging/Troubleshooting}",0.05288,2644
"{GPA_持平,付費=否,依賴_低,焦慮_低}",0.05282,2641
"{AI時數_高,依賴_高,技能=Advanced}",0.0528,2640
"{AI時數_高,倦怠=High,自學_中}",0.05276,2638
"{付費=是,倦怠=Low,焦慮_低}",0.05274,2637
"{AI時數_高,付費=是,依賴_高,焦慮_高}",0.05274,2637
"{依賴_低,年級=Sophomore,政策=Allowed_With_Citation}",0.05272,2636
"{主修=STEM,付費=否,倦怠=Low}",0.0527,2635
"{AI時數_高,依賴_高,倦怠=High,政策=Allowed_With_Citation}",0.0527,2635
"{倦怠=Medium,用途=Direct_Answer_Generation}",0.05264,2632
"{主修=Humanities,政策=Allowed_With_Citation,用途=Copywriting/Drafting}",0.05258,2629
"{主修=STEM,技能=Advanced,用途=Debugging/Troubleshooting}",0.05256,2628
"{AI時數_低,倦怠=Medium,技能=Beginner}",0.05256,2628
"{AI時數_高,政策=Allowed_With_Citation,焦慮_高}",0.05254,2627
"{GPA_上升,主修=STEM,付費=是}",0.05254,2627
"{GPA_下降,主修=Business,付費=否}",0.0525,2625
"{依賴_低,倦怠=Medium,年級=Junior}",0.05248,2624
"{付費=否,技能=Advanced,焦慮_中}",0.05248,2624
"{GPA_下降,年級=Freshman,政策=Allowed_With_Citation}",0.05246,2623
"{主修=Business,付費=否,倦怠=Low}",0.05246,2623
"{付費=是,倦怠=High,焦慮_高}",0.05244,2622
"{GPA_下降,付費=否,焦慮_高}",0.05242,2621
"{付費=是,技能=Beginner,焦慮_中}",0.0524,2620
"{年級=Freshman,用途=Copywriting/Drafting}",0.05238,2619
"{付費=否,年級=Junior,焦慮_低}",0.05238,2619
"{AI時數_高,主修=STEM,付費=否}",0.05238,2619
"{GPA_持平,依賴_低,政策=Actively_Encouraged}",0.05236,2618
"{付費=否,技能=Intermediate,焦慮_高}",0.05234,2617
"{主修=Medical,付費=是}",0.05232,2616
"{付費=否,依賴_低,焦慮_低,自學_中}",0.05226,2613
"{倦怠=High,用途=Ideation}",0.05222,2611
"{GPA_上升,技能=Advanced,自學_高}",0.0522,2610
"{付費=否,技能=Advanced,自學_中}",0.0522,2610
"{付費=否,依賴_高,倦怠=High}",0.05218,2609
"{GPA_上升,技能=Advanced,用途=Debugging/Troubleshooting}",0.05214,2607
"{AI時數_中,倦怠=Low,焦慮_低}",0.05212,2606
"{AI時數_中,倦怠=Medium,自學_中}",0.05212,2606
"{AI時數_中,政策=Allowed_With_Citation,自學_低}",0.05212,2606
"{GPA_上升,主修=STEM,技能=Advanced}",0.05208,2604
"{依賴_低,技能=Advanced,自學_高}",0.05204,2602
"{主修=Arts,用途=Copywriting/Drafting}",0.05202,2601
"{依賴_低,倦怠=Medium,年級=Senior}",0.052,2600
"{GPA_下降,倦怠=Medium,技能=Intermediate}",0.052,2600
"{年級=Graduate,技能=Intermediate}",0.05198,2599
"{GPA_下降,依賴_低,政策=Actively_Encouraged}",0.05198,2599
"{GPA_持平,付費=是,技能=Beginner}",0.05198,2599
"{GPA_上升,倦怠=Medium,技能=Advanced}",0.05194,2597
"{AI時數_中,技能=Beginner,焦慮_低}",0.0519,2595
"{主修=STEM,焦慮_中,用途=Debugging/Troubleshooting}",0.05188,2594
"{政策=Actively_Encouraged,用途=Summarizing_Reading}",0.05186,2593
"{主修=Business,政策=Allowed_With_Citation,焦慮_低}",0.05186,2593
"{主修=Business,技能=Beginner,政策=Allowed_With_Citation}",0.05184,2592
"{付費=是,技能=Beginner,自學_中}",0.05182,2591
"{付費=否,依賴_低,政策=Allowed_With_Citation,自學_低}",0.05178,2589
"{倦怠=Medium,技能=Beginner,自學_高}",0.05174,2587
"{主修=STEM,依賴_低,技能=Intermediate}",0.05172,2586
"{付費=是,技能=Intermediate,自學_低}",0.05172,2586
"{年級=Senior,用途=Copywriting/Drafting}",0.0517,2585
"{主修=STEM,依賴_高,倦怠=High}",0.0517,2585
"{主修=Humanities,依賴_低,倦怠=Low}",0.05166,2583
"{年級=Graduate,焦慮_中}",0.05164,2582
"{依賴_低,技能=Beginner,用途=Copywriting/Drafting}",0.05164,2582
"{依賴_低,倦怠=Low,用途=Debugging/Troubleshooting}",0.05164,2582
"{付費=是,焦慮_低,自學_高}",0.05164,2582
"{GPA_持平,依賴_低,自學_低}",0.05164,2582
"{主修=Humanities,付費=否,倦怠=Medium}",0.05162,2581
"{付費=否,依賴_低,倦怠=Low,技能=Intermediate}",0.05162,2581
"{AI時數_低,依賴_低,倦怠=Low,自學_高}",0.05152,2576
"{主修=Business,付費=是,依賴_低}",0.0515,2575
"{AI時數_中,主修=Business,依賴_低}",0.05148,2574
"{主修=Arts,倦怠=Medium}",0.05146,2573
"{GPA_下降,依賴_高,自學_低}",0.05146,2573
"{AI時數_低,GPA_持平,焦慮_低}",0.05142,2571
"{倦怠=Medium,政策=Actively_Encouraged,焦慮_低}",0.0514,2570
"{倦怠=Medium,技能=Beginner,自學_低}",0.0514,2570
"{付費=否,依賴_高,倦怠=Medium}",0.05138,2569
"{付費=否,倦怠=Low,用途=Copywriting/Drafting}",0.05136,2568
"{AI時數_低,倦怠=Medium,自學_高}",0.05136,2568
"{AI時數_高,GPA_下降,政策=Allowed_With_Citation}",0.05136,2568
"{AI時數_高,主修=Humanities}",0.05134,2567
"{AI時數_中,付費=否,用途=Debugging/Troubleshooting}",0.05132,2566
"{GPA_持平,倦怠=Medium,自學_中}",0.05132,2566
"{AI時數_低,主修=Humanities,付費=否}",0.0513,2565
"{依賴_高,政策=Strict_Ban}",0.0512,2560
"{主修=STEM,用途=Debugging/Troubleshooting,自學_高}",0.0512,2560
"{AI時數_低,主修=STEM,付費=否}",0.0512,2560
"{GPA_持平,付費=是,技能=Intermediate}",0.0512,2560
"{倦怠=Medium,技能=Intermediate,焦慮_中}",0.0512,2560
"{主修=Medical,技能=Beginner}",0.05116,2558
"{倦怠=Medium,技能=Intermediate,自學_高}",0.05116,2558
"{主修=STEM,技能=Advanced,政策=Allowed_With_Citation}",0.05112,2556
"{GPA_下降,主修=STEM,付費=否}",0.05112,2556
"{付費=否,倦怠=Medium,年級=Freshman}",0.0511,2555
"{GPA_持平,倦怠=Medium,技能=Intermediate}",0.0511,2555
"{AI時數_高,依賴_高,倦怠=High,自學_低}",0.0511,2555
"{AI時數_中,付費=否,倦怠=Medium,政策=Allowed_With_Citation}",0.05108,2554
"{GPA_下降,付費=否,依賴_低,倦怠=Low}",0.05104,2552
"{主修=Business,付費=否,自學_高}",0.05102,2551
"{主修=Business,年級=Senior}",0.051,2550
"{GPA_下降,政策=Allowed_With_Citation,自學_中}",0.051,2550
"{付費=是,技能=Intermediate,焦慮_中}",0.05098,2549
"{依賴_低,倦怠=Medium,用途=Ideation}",0.05096,2548
"{主修=STEM,付費=是,自學_低}",0.05096,2548
"{AI時數_高,GPA_持平,倦怠=High}",0.05088,2544
"{AI時數_低,付費=否,政策=Allowed_With_Citation,焦慮_低}",0.05082,2541
"{AI時數_中,年級=Graduate}",0.0508,2540
"{依賴_低,政策=Allowed_With_Citation,焦慮_高}",0.05078,2539
"{付費=否,依賴_高,焦慮_高}",0.05072,2536
"{GPA_上升,主修=STEM,自學_高}",0.0507,2535
"{付費=否,焦慮_高,自學_中}",0.05068,2534
"{付費=是,依賴_高,技能=Beginner}",0.05064,2532
"{AI時數_中,付費=否,依賴_低,倦怠=Low}",0.05064,2532
"{AI時數_高,付費=否,技能=Intermediate}",0.05062,2531
"{AI時數_高,倦怠=High,焦慮_中}",0.0506,2530
"{依賴_高,政策=Allowed_With_Citation,焦慮_中}",0.0506,2530
"{主修=STEM,依賴_低,自學_高}",0.05056,2528
"{主修=STEM,付費=否,技能=Beginner}",0.05056,2528
"{倦怠=Low,技能=Intermediate,焦慮_低}",0.05056,2528
"{付費=否,年級=Freshman,焦慮_低}",0.05054,2527
"{付費=是,政策=Allowed_With_Citation,用途=Copywriting/Drafting}",0.05054,2527
"{主修=Business,付費=是,用途=Ideation}",0.0505,2525
"{GPA_上升,付費=是,焦慮_中}",0.0505,2525
"{付費=否,年級=Senior,焦慮_低}",0.05048,2524
"{GPA_下降,技能=Beginner,焦慮_低}",0.05048,2524
"{主修=STEM,政策=Allowed_With_Citation,自學_中}",0.05042,2521
"{主修=Business,付費=否,技能=Intermediate}",0.0504,2520
"{主修=Medical,焦慮_低}",0.05038,2519
"{付費=是,焦慮_低,自學_中}",0.05038,2519
"{主修=STEM,用途=Debugging/Troubleshooting,自學_中}",0.05036,2518
"{AI時數_低,依賴_低,倦怠=Medium,焦慮_低}",0.05034,2517
"{主修=STEM,依賴_高,用途=Debugging/Troubleshooting}",0.05032,2516
"{付費=否,依賴_低,倦怠=Medium,自學_高}",0.05032,2516
"{主修=STEM,付費=是,技能=Intermediate}",0.05028,2514
"{GPA_持平,付費=否,用途=Copywriting/Drafting}",0.05024,2512
"{AI時數_低,焦慮_低,自學_中}",0.05024,2512
"{主修=STEM,付費=是,倦怠=High}",0.05022,2511
"{主修=Humanities,焦慮_高}",0.0502,2510
"{主修=Business,倦怠=Medium,用途=Ideation}",0.0502,2510
"{GPA_上升,倦怠=Medium,焦慮_中}",0.05016,2508
"{AI時數_低,GPA_下降,倦怠=Medium}",0.05016,2508
"{AI時數_中,依賴_低,用途=Copywriting/Drafting}",0.0501,2505
"{GPA_下降,焦慮_高,自學_低}",0.0501,2505
"{GPA_上升,付費=否,依賴_低,焦慮_低}",0.0501,2505
"{付費=是,焦慮_低,自學_低}",0.05004,2502
"{倦怠=High,政策=Allowed_With_Citation,自學_低}",0.05002,2501
"{AI時數_高,GPA_下降,焦慮_高}",0.05,2500
"{付費=否,依賴_低,倦怠=Medium,技能=Intermediate}",0.05,2500
